question,true_answer,difficulty,chapter,generated_answer,ans_tokens,ans_cost,ans_time,qa_evaluate,qa_reply,cot_evaluate,cot_reply,tot_tokens,tot_cost
(   )「10、9、□、7」，按照順序數一數，□中要填入哪一個數字？　(Ａ)　5　(Ｂ)　6　(Ｃ)　8。,答案：(Ｃ) 解析：從　10　開始倒著數。 ,易,3-1_數的順序,"- **ANSWER**: 8 - **SOLUTION**:   - Observe the sequence: 10, 9, □, 7.   - Determine the pattern by examining the differences:     - Difference between 10 and 9: $10 - 9 = 1$     - Difference between 9 and □: unknown     - Difference between □ and 7: unknown   - Test each option:     - Option (A) 5:       - Difference between 9 and 5: $9 - 5 = 4$       - Difference between 5 and 7: $5 - 7 = -2$ (not consistent)     - Option (B) 6:       - Difference between 9 and 6: $9 - 6 = 3$       - Difference between 6 and 7: $6 - 7 = -1$ (not consistent)     - Option (C) 8:       - Difference between 9 and 8: $9 - 8 = 1$       - Difference between 8 and 7: $8 - 7 = 1$ (consistent)   - The pattern is a consistent decrease by 1 each step: 10, 9, 8, 7.   - Therefore, the correct option is (C) 8.",2059,0.017825,31.533039093017578,True,GRADE: CORRECT  The student's answer is factually accurate and matches the correct answer provided in the context. The student correctly identified the pattern of counting down by 1 and chose the correct option (C) 8.,True,"EXPLANATION: 1. **Understand the Question**: The question asks for the missing number in the sequence ""10, 9, □, 7"" and provides three options: (A) 5, (B) 6, and (C) 8. 2. **Context Analysis**: The context states that the correct answer is (C) 8 and explains that the sequence is counting down from 10. 3. **Student's Answer**: The student answers (C) 8 and provides a detailed solution. 4. **Verify the Student's Solution**:    - The student observes the sequence: 10, 9, □, 7.    - The student examines the differences between the numbers:      - Difference between 10 and 9: 1      - Difference between 9 and □: unknown      - Difference between □ and 7: unknown    - The student tests each option:      - Option (A) 5:        - Difference between 9 and 5: 4        - Difference between 5 and 7: -2 (not consistent)      - Option (B) 6:        - Difference between 9 and 6: 3        - Difference between 6 and 7: -1 (not consistent)      - Option (C) 8:        - Difference between 9 and 8: 1        - Difference between 8 and 7: 1 (consistent)    - The student concludes that the pattern is a consistent decrease by 1 each step: 10, 9, 8, 7.    - Therefore, the student determines that the correct option is (C) 8. 5. **Conclusion**: The student's answer is consistent with the context and the correct answer provided. The student's reasoning is logical and accurate.  GRADE: CORRECT",3566,0.029679999999999998
(   )排路隊時，美華排在第　5　個，按照下面的敘述，誰排在她的前面？　(Ａ)小英排在第　7　個　(Ｂ)仔仔排在第　10　個　(Ｃ)小偉排在第　4　個。,答案：(Ｃ) 解析：第　1～4　個排在美華的前面；第　6～10　個排在美華的後面。 ,難,3-2_第幾個,"- **ANSWER:** (Ｃ) 小偉排在第4個 - **SOLUTION:**   - 美華 is in the 5th position.   - We need to find who is in the 4th position to determine who is directly in front of 美華.   - Given options:     - (Ａ) 小英排在第7個 (Xiao Ying is in the 7th position)     - (Ｂ) 仔仔排在第10個 (Zai Zai is in the 10th position)     - (Ｃ) 小偉排在第4個 (Xiao Wei is in the 4th position)   - Since 小偉 (Xiao Wei) is in the 4th position, he is directly in front of 美華.   - Therefore, the correct answer is (Ｃ) 小偉排在第4個.",1733,0.013864999999999999,27.43190050125122,True,"GRADE: CORRECT  The student's answer correctly identifies that 小偉 (Xiao Wei) is in the 4th position, which places him directly in front of 美華 (Mei Hua) who is in the 5th position. The student's solution and reasoning align with the context provided.",True,"EXPLANATION: 1. The question asks who is in front of 美華 (Mei Hua) when she is in the 5th position. 2. The context provides the correct answer and explanation: positions 1 to 4 are in front of 美華, and positions 6 to 10 are behind her. 3. The student needs to identify who is in the 4th position from the given options. 4. The options provided are:    - (Ａ) 小英排在第7個 (Xiao Ying is in the 7th position)    - (Ｂ) 仔仔排在第10個 (Zai Zai is in the 10th position)    - (Ｃ) 小偉排在第4個 (Xiao Wei is in the 4th position) 5. The student correctly identifies that 小偉 (Xiao Wei) is in the 4th position, which is directly in front of 美華. 6. The student's answer and reasoning align with the context provided.  GRADE: CORRECT",2992,0.022940000000000002
(   )排隊量身高時，小奇排在第　8　個，按照下面的敘述，誰排在他的後面？　(Ａ)莉莉排在第　7　個　(Ｂ)小風排在第　9　個　(Ｃ)小貞排在第　6　個。,答案：(Ｂ) 解析：第　1～7　個排在小奇的前面；第　9～10　個排在小奇的後面。 ,難,3-2_第幾個,"- **ANSWER**: (Ｂ) 小風排在第 9 個 - **SOLUTION**:   - 小奇 is in the 8th position.   - We need to find who is in the 9th position, as that person would be directly behind 小奇.   - Evaluate each option:     - (Ａ) 莉莉排在第 7 個: 莉莉 is in the 7th position, which is in front of 小奇.     - (Ｂ) 小風排在第 9 個: 小風 is in the 9th position, which is directly behind 小奇.     - (Ｃ) 小貞排在第 6 個: 小貞 is in the 6th position, which is also in front of 小奇.   - Therefore, the person standing directly behind 小奇 (who is in the 8th position) is 小風, who is in the 9th position.",1734,0.0138,38.754990339279175,True,"QUESTION: (   )排隊量身高時，小奇排在第　8　個，按照下面的敘述，誰排在他的後面？　(Ａ)莉莉排在第　7　個　(Ｂ)小風排在第　9　個　(Ｃ)小貞排在第　6　個。 CONTEXT: 答案：(Ｂ) 解析：第　1～7　個排在小奇的前面；第　9～10　個排在小奇的後面。  STUDENT ANSWER: - **ANSWER**: (Ｂ) 小風排在第 9 個 - **SOLUTION**:   - 小奇 is in the 8th position.   - We need to find who is in the 9th position, as that person would be directly behind 小奇.   - Evaluate each option:     - (Ａ) 莉莉排在第 7 個: 莉莉 is in the 7th position, which is in front of 小奇.     - (Ｂ) 小風排在第 9 個: 小風 is in the 9th position, which is directly behind 小奇.     - (Ｃ) 小貞排在第 6 個: 小貞 is in the 6th position, which is also in front of 小奇.   - Therefore, the person standing directly behind 小奇 (who is in the 8th position) is 小風, who is in the 9th position. GRADE: CORRECT",True,"EXPLANATION: 1. **Identify the position of 小奇**: According to the question, 小奇 is in the 8th position. 2. **Determine the positions relative to 小奇**:     - The 1st to 7th positions are in front of 小奇.    - The 9th and 10th positions are behind 小奇. 3. **Evaluate each option**:    - (Ａ) 莉莉排在第 7 個: 莉莉 is in the 7th position, which is in front of 小奇.    - (Ｂ) 小風排在第 9 個: 小風 is in the 9th position, which is directly behind 小奇.    - (Ｃ) 小貞排在第 6 個: 小貞 is in the 6th position, which is also in front of 小奇. 4. **Conclusion**: The person standing directly behind 小奇 (who is in the 8th position) is 小風, who is in the 9th position.  GRADE: CORRECT",3297,0.027135
(   )下面哪一盤的櫻桃比　8　顆多？　(Ａ)甲盤：9　顆櫻桃　(Ｂ)乙盤：6　顆櫻桃　(Ｃ)丙盤：1　顆櫻桃。,答案：(Ａ) ,難,3-3_比多少,- **ANSWER:** (A) 甲盤：9 顆櫻桃 - **SOLUTION:**   - Identify the number of cherries on each plate:     - 甲盤: 9 顆櫻桃     - 乙盤: 6 顆櫻桃     - 丙盤: 1 顆櫻桃   - Compare the number of cherries on each plate to 8:     - 甲盤: 9 顆櫻桃 (9 > 8)     - 乙盤: 6 顆櫻桃 (6 < 8)     - 丙盤: 1 顆櫻桃 (1 < 8)   - Determine which plate has more than 8 cherries:     - Only 甲盤 has more than 8 cherries.,1480,0.0114,25.4439697265625,True,"GRADE: CORRECT  The student's answer correctly identifies that 甲盤 (A) has 9 cherries, which is more than 8, and provides a clear comparison of the number of cherries on each plate.",True,"EXPLANATION: 1. **Identify the number of cherries on each plate:**    - 甲盤: 9 顆櫻桃    - 乙盤: 6 顆櫻桃    - 丙盤: 1 顆櫻桃  2. **Compare the number of cherries on each plate to 8:**    - 甲盤: 9 顆櫻桃 (9 > 8)    - 乙盤: 6 顆櫻桃 (6 < 8)    - 丙盤: 1 顆櫻桃 (1 < 8)  3. **Determine which plate has more than 8 cherries:**    - Only 甲盤 has more than 8 cherries.  The student's answer correctly identifies that 甲盤 has 9 cherries, which is more than 8, and correctly concludes that 甲盤 is the correct answer.  GRADE: CORRECT",2608,0.01949
(   )將　10　朵花包成兩束，一束有　4　朵，另一束有幾朵？　(Ａ)　4　朵　(Ｂ)　5　朵　(Ｃ)　6　朵。,答案：(Ｃ) 解析： 10　朵可以分成　4　朵和　6　朵，所以有　6　朵。 ,難,4-4_分與合,"- **ANSWER**: (Ｃ) 6 朵 - **SOLUTION**:   - Start with the total number of flowers: 10 朵.   - One bundle has 4 朵.   - Subtract the number of flowers in the first bundle from the total: $10 - 4 = 6$.   - Therefore, the second bundle has 6 朵.",1086,0.00671,26.204172611236572,True,GRADE: CORRECT,True,"EXPLANATION: 1. The question asks how many flowers are in the second bundle if 10 flowers are divided into two bundles, one with 4 flowers. 2. The context provides the correct answer, which is (Ｃ) 6 朵, and explains that 10 flowers can be divided into 4 flowers and 6 flowers. 3. The student's answer is (Ｃ) 6 朵, which matches the correct answer provided in the context. 4. The student's solution shows the correct steps:    - They start with the total number of flowers: 10 朵.    - They state that one bundle has 4 朵.    - They subtract the number of flowers in the first bundle from the total: $10 - 4 = 6$.    - They conclude that the second bundle has 6 朵. 5. The student's answer and solution are factually accurate and align with the context provided.  GRADE: CORRECT",2037,0.013505
(   )將　10　顆巧克力包成兩袋，一袋有　8　顆，另一袋有幾顆？　(Ａ)　1　顆　(Ｂ)　2　顆　(Ｃ)　3　顆。,答案：(Ｂ) 解析： 10　顆可以分成　8　顆和　2　顆，所以有　2　顆。 ,中,4-4_分與合,"- **ANSWER:** 2顆 - **SOLUTION:**   - Total number of chocolates: 10顆   - One bag has: 8顆   - To find the number of chocolates in the other bag, subtract the number of chocolates in the first bag from the total number of chocolates:     $$10 - 8 = 2$$   - Therefore, the other bag has 2顆 chocolates.",1095,0.006805,28.33601188659668,True,GRADE: CORRECT,True,"EXPLANATION: 1. **Understand the Question**: The question asks how many chocolates are in the second bag if 10 chocolates are divided into two bags, with one bag containing 8 chocolates. 2. **Review the Context**: The context provides the correct answer as (B) 2顆, explaining that 10 chocolates can be divided into 8 and 2. 3. **Analyze the Student's Answer**:    - The student states the answer is 2顆.    - The student provides a solution:      - Total number of chocolates: 10顆      - One bag has: 8顆      - Calculation: \(10 - 8 = 2\)      - Conclusion: The other bag has 2顆 chocolates. 4. **Check for Accuracy**:    - The student's answer matches the correct answer provided in the context.    - The student's solution correctly follows the steps to arrive at the answer.    - There are no conflicting statements in the student's answer.  GRADE: CORRECT",2068,0.01385
(   )6　片餅乾和多少片餅乾，合起來是　10　片餅乾？ (Ａ)　6　片　(Ｂ)　5　片　(Ｃ)　4　片。,答案：(Ｃ) 解析：6　和　4　合起來是　10。 ,中,4-4_分與合,"- **ANSWER**: (Ｃ) 4 片 - **SOLUTION**:   - Given the equation: $x + 6 = 10$   - Subtract 6 from both sides: $x = 10 - 6$   - Simplify: $x = 4$   - Therefore, 6 pieces of cookies and 4 pieces of cookies together make 10 pieces of cookies.",1328,0.00813,29.33729577064514,True,"GRADE: CORRECT  The student's answer is (Ｃ) 4 片, which matches the correct answer provided in the context. The additional solution steps provided by the student do not contain any conflicting statements and correctly explain the reasoning.",True,"EXPLANATION: 1. The question asks how many pieces of cookies, when added to 6 pieces, make a total of 10 pieces. 2. The context provides the correct answer as (Ｃ) 4 pieces, with the explanation that 6 and 4 together make 10. 3. The student's answer is (Ｃ) 4 pieces. 4. The student's solution shows the steps to solve the equation $x + 6 = 10$:    - Subtracting 6 from both sides: $x = 10 - 6$    - Simplifying to get $x = 4$ 5. The student's answer and solution match the context provided.  GRADE: CORRECT",2225,0.014515
(   )7　顆糖果和多少顆糖果，合起來是　10　顆糖果？(Ａ)　2　顆　(Ｂ)　3　顆　(Ｃ)　6　顆。,答案：(Ｂ) 解析：7　和　3　合起來是　10。 ,中,4-4_分與合,"- **ANSWER:**  (Ｂ) 3 顆 - **SOLUTION:**   - To find the number of candies that, when added to 7 candies, equals 10 candies, we set up the equation: $$7 + x = 10$$   - Solving for $$x$$, we subtract 7 from both sides: $$x = 10 - 7$$   - Therefore, $$x = 3$$   - The answer is 3 candies.",1094,0.0069099999999999995,27.77420997619629,True,"GRADE: CORRECT  The student's answer is (Ｂ) 3 顆, which matches the correct answer provided in the context. The additional explanation provided by the student does not contain any conflicting statements and correctly shows the process of solving the problem.",True,"EXPLANATION: 1. The question asks for the number of candies that, when added to 7 candies, equals 10 candies. 2. The context provides the correct answer, which is (Ｂ) 3 顆, and explains that 7 and 3 together make 10. 3. The student's answer is (Ｂ) 3 顆. 4. The student's solution shows the correct steps to solve the equation \(7 + x = 10\), which involves subtracting 7 from both sides to find \(x = 3\). 5. The student's answer matches the correct answer provided in the context.  GRADE: CORRECT",2013,0.013325
(   )電線桿上有　6　隻小鳥，又飛來　2　隻，電線桿上一共有幾隻小鳥？ (Ａ)　6　隻　(Ｂ)　7　隻　(Ｃ)　8　隻。,答案：(Ｃ) 解析：6＋2＝8 ,易,6-1_加法算式,"- **ANSWER:** (Ｃ) 8 隻 - **SOLUTION:**   - Start with the initial number of birds on the wire: 6   - Add the number of birds that flew in: 2   - The total number of birds on the wire is given by the equation: $$6 + 2 = 8$$   - Therefore, the total number of birds on the wire is 8.",1101,0.006815,24.530275583267212,True,GRADE: CORRECT,True,"EXPLANATION: 1. The question asks how many birds are on the wire after 2 more birds fly in, starting with 6 birds. 2. The context provides the correct answer and the equation used to find it: \(6 + 2 = 8\), which results in 8 birds. 3. The student's answer is (Ｃ) 8 隻, which matches the correct answer provided in the context. 4. The student's solution shows the correct steps:    - They start with the initial number of birds: 6.    - They add the number of birds that flew in: 2.    - They correctly calculate the total number of birds as \(6 + 2 = 8\). 5. The student's answer is factually accurate and matches the context.  GRADE: CORRECT",1985,0.012925
(   )5　隻鴨子在玩水，又來了　4　隻，全部有幾隻鴨子？ (Ａ)　9　隻　(Ｂ)　8　隻　(Ｃ)　7　隻。,答案：(Ａ) 解析：5＋4＝9 ,易,6-1_加法算式,"- **ANSWER:** 9 隻 - **SOLUTION:**   - Start with the initial number of ducks: 5 隻   - Add the number of ducks that came later: 4 隻   - Calculate the total number of ducks: $5 + 4 = 9$   - Therefore, the total number of ducks is 9 隻",1081,0.006595,28.490177392959595,True,"GRADE: CORRECT  The student's answer correctly identifies the total number of ducks as 9, which matches the context provided. The additional explanation does not contain any conflicting statements and accurately describes the process of arriving at the correct answer.",True,"EXPLANATION: 1. The question asks for the total number of ducks when 5 ducks are initially playing in the water and 4 more ducks join them. 2. The context provides the correct answer and the calculation: 5 + 4 = 9, which means the total number of ducks is 9. 3. The student's answer states that the total number of ducks is 9, which matches the correct answer provided in the context. 4. The student's solution also correctly outlines the steps: starting with 5 ducks, adding 4 more ducks, and calculating the total as 9 ducks. 5. There are no conflicting statements or errors in the student's answer.  GRADE: CORRECT",1955,0.012835
(   )媽媽先烤　2　個蛋糕，再烤　3　個蛋糕，媽媽總共烤了幾個蛋糕？ (Ａ)　4　個　(Ｂ)　5　個　(Ｃ)　6　個。,答案：(Ｂ) 解析：2＋3＝5 ,易,6-1_加法算式,- **ANSWER:** (Ｂ) 5 個 - **SOLUTION:**   - Step 1: Identify the number of cakes baked in each instance.     - First instance: 2 cakes     - Second instance: 3 cakes   - Step 2: Add the number of cakes baked in each instance.     - $$2 + 3 = 5$$   - Final Answer: 5 cakes,1086,0.00671,25.510506629943848,True,"GRADE: CORRECT  The student's answer matches the correct answer provided in the context. The student correctly identified that the total number of cakes baked is 5, which corresponds to option (Ｂ). The additional steps and explanation provided by the student do not contain any conflicting statements and are factually accurate.",True,"EXPLANATION: 1. **Identify the Question:** The question asks how many cakes the mother baked in total after baking 2 cakes first and then 3 cakes. 2. **Context Analysis:** The context provides the correct answer as (Ｂ) 5 cakes, with the calculation 2 + 3 = 5. 3. **Student Answer Analysis:**     - The student selected (Ｂ) 5 cakes as the answer.    - The student provided a solution that correctly identifies the number of cakes baked in each instance (2 cakes and 3 cakes).    - The student correctly added the two numbers to get the total (2 + 3 = 5). 4. **Verification:** The student's answer and solution match the context provided. The calculation and final answer are correct.  GRADE: CORRECT",2009,0.013565
(   )灰姑娘洗了　3　個碗，還有　2　個碗沒洗，她一共要洗幾個碗？下面哪一個算式是對的？　(Ａ)　4＋5＝9　(Ｂ)　1＋7＝8　(Ｃ)　3＋2＝5。,答案：(Ｃ) ,難,6-1_加法算式,"- **ANSWER:** (Ｃ) 3＋2＝5 - **SOLUTION:**   - Cinderella washed 3 bowls and there are 2 bowls left unwashed.   - To find the total number of bowls, add the washed bowls to the unwashed bowls.   - The equation is $3 + 2 = 5$.   - Therefore, the correct option is (Ｃ) 3＋2＝5.",1123,0.006924999999999999,26.837952136993408,True,GRADE: CORRECT  The student's answer correctly identifies the correct option (Ｃ) 3＋2＝5 and provides a clear explanation that aligns with the context.,True,"EXPLANATION: 1. The question asks for the total number of bowls Cinderella needs to wash, given that she has already washed 3 bowls and there are 2 bowls left unwashed. 2. To find the total number of bowls, we need to add the number of washed bowls (3) to the number of unwashed bowls (2). 3. The correct equation for this addition is $3 + 2 = 5$. 4. The context confirms that the correct answer is option (Ｃ) 3＋2＝5. 5. The student's answer is (Ｃ) 3＋2＝5, which matches the correct answer provided in the context. 6. The student's solution also correctly explains the reasoning behind the equation.  GRADE: CORRECT",2036,0.01337
(   )游泳池裡原有　2　個人，又來了　8　個人，現在游泳池裡共有幾個人？下面哪一個算式可以算出共有幾個人？　(Ａ)　2＋2＝4　(Ｂ)　1＋8＝9　(Ｃ)　2＋8＝10。,答案：(Ｃ) ,中,6-1_加法算式,"- **ANSWER**: (Ｃ) 2＋8＝10 - **SOLUTION**:   - Initially, there are 2 people in the swimming pool.   - An additional 8 people arrive.   - To find the total number of people, add the initial number of people to the number of people who arrived: $$2 + 8$$   - Performing the addition: $$2 + 8 = 10$$   - Therefore, the correct equation is (Ｃ) 2＋8＝10.",1567,0.011555000000000001,28.146665573120117,True,"GRADE: CORRECT  The student's answer matches the correct answer provided in the context, and the solution is accurate and does not contain any conflicting statements.",True,"EXPLANATION: 1. The question asks which equation can be used to find the total number of people in the swimming pool after initially having 2 people and then 8 more people arriving. 2. The context provides the correct answer as (Ｃ) 2＋8＝10. 3. The student answer states that the correct equation is (Ｃ) 2＋8＝10. 4. The student also provides a solution that explains the reasoning:    - Initially, there are 2 people in the swimming pool.    - An additional 8 people arrive.    - To find the total number of people, add the initial number of people to the number of people who arrived: 2 + 8.    - Performing the addition: 2 + 8 = 10.    - Therefore, the correct equation is (Ｃ) 2＋8＝10. 5. The student's answer matches the context and provides a correct and clear explanation.  GRADE: CORRECT",2570,0.01885
(   )操場上有　4　個小朋友在玩球，又來了　3　個小朋友，操場上共有幾個小朋友在玩球？下面哪一個算式可以算出共有幾個小朋友？　(Ａ)　4＋3＝7　(Ｂ)　4＋4＝8　(Ｃ)　3＋3＝6。,答案：(Ａ) ,易,6-1_加法算式,"- **ANSWER:** (Ａ) 4＋3＝7 - **SOLUTION:**   - Start with the initial number of children playing on the playground: 4.   - Add the number of children who joined: 3.   - The equation is $4 + 3$.   - Calculate the sum: $4 + 3 = 7$.   - Therefore, the total number of children playing on the playground is 7.",1145,0.007075,24.840715169906616,True,GRADE: CORRECT,True,"EXPLANATION: 1. The question asks which equation can be used to find the total number of children playing on the playground after 3 more children join the initial 4 children. 2. The context provides the correct answer as (Ａ) 4＋3＝7. 3. The student's answer is (Ａ) 4＋3＝7. 4. The student also provides a solution that starts with the initial number of children (4), adds the number of children who joined (3), and correctly calculates the sum as 7. 5. The student's answer matches the correct answer provided in the context and the solution is logically and mathematically sound.  GRADE: CORRECT",2039,0.012955
(   )樹洞裡已經有　7　隻螞蟻，又爬來　2　隻，一共有幾隻螞蟻？　(Ａ)　7　隻　(Ｂ)　8隻　(Ｃ)　9　隻。,答案：(Ｃ) 解析：7＋2＝9 ,中,6-1_加法算式,"- **ANSWER**: (Ｃ) 9 隻 - **SOLUTION**:    - Start with the number of ants already in the tree hole: 7   - Add the number of ants that crawled in: 2   - Perform the addition: $7 + 2 = 9$   - Therefore, the total number of ants is 9.",1099,0.006705,23.383368968963623,True,GRADE: CORRECT,True,"EXPLANATION: 1. The question asks how many ants are in the tree hole after 2 more ants crawl in, given that there are already 7 ants. 2. The context provides the correct answer as (Ｃ) 9 隻, with the explanation that 7 + 2 = 9. 3. The student's answer is (Ｃ) 9 隻, which matches the correct answer provided in the context. 4. The student's solution shows the correct steps: starting with 7 ants, adding 2 more ants, and performing the addition to get 9 ants. 5. There are no conflicting statements in the student's answer, and the factual accuracy is maintained throughout.  GRADE: CORRECT",1952,0.01245
(   )有　15　顆栗子，姐姐拿了　6　顆，弟弟拿了　4　顆，姐姐和弟弟一共拿了幾顆栗子？　(Ａ)　5　顆　(Ｂ)　13　顆　(Ｃ)　10　顆。,答案：(Ｃ) 解析：6＋4＝10。 ,難,6-1_加法算式,- **ANSWER:** (Ｃ) 10 顆 - **SOLUTION:**   - Step 1: Determine the number of 栗子 (chestnuts) taken by 姐姐 (sister) and 弟弟 (brother).   - Step 2: 姐姐 took 6 顆 and 弟弟 took 4 顆.   - Step 3: Add the number of 栗子 taken by both: $6 + 4 = 10$.   - Final Answer: 10 顆.,1143,0.007265,26.656888961791992,True,"GRADE: CORRECT  The student's answer correctly identifies the total number of 栗子 (chestnuts) taken by 姐姐 (sister) and 弟弟 (brother) as 10, which matches the correct answer (Ｃ) 10 顆. The solution provided also accurately explains the steps to reach the answer.",True,"EXPLANATION: 1. The question asks how many chestnuts (栗子) the sister (姐姐) and brother (弟弟) took together. 2. According to the context, the sister took 6 chestnuts and the brother took 4 chestnuts. 3. The correct method to find the total number of chestnuts taken by both is to add the number taken by the sister and the number taken by the brother: \(6 + 4 = 10\). 4. The context confirms that the correct answer is (Ｃ) 10 顆. 5. The student's answer is (Ｃ) 10 顆, and their solution correctly shows the steps: determining the number taken by each and adding them together to get 10.  GRADE: CORRECT",2155,0.014575000000000001
(   )賣火柴的女孩，下午點了　4　根火柴，晚上點了　5　根火柴，她共點了幾根火柴？　(Ａ)　7　根　(Ｂ)　8　根　(Ｃ)　9　根。,答案：(Ｃ) 解析：4＋5＝9。 ,中,6-1_加法算式,- **ANSWER**: (Ｃ) 9 根 - **SOLUTION**:   - Step 1: Identify the number of matches lit in the afternoon: 4 根   - Step 2: Identify the number of matches lit in the evening: 5 根   - Step 3: Add the two quantities together: $4 + 5 = 9$   - Final Answer: 9 根,1096,0.00676,26.372937202453613,True,GRADE: CORRECT,True,"EXPLANATION: 1. The question asks how many matches the girl lit in total, given that she lit 4 matches in the afternoon and 5 matches in the evening. 2. The context provides the correct answer and the reasoning: 4 matches in the afternoon plus 5 matches in the evening equals 9 matches in total. 3. The student's answer is (Ｃ) 9 根, which matches the correct answer provided in the context. 4. The student's solution steps are:    - Step 1: Identify the number of matches lit in the afternoon: 4 根    - Step 2: Identify the number of matches lit in the evening: 5 根    - Step 3: Add the two quantities together: $4 + 5 = 9$    - Final Answer: 9 根 5. The student's answer and solution steps are factually accurate and align with the context provided.  GRADE: CORRECT",2007,0.013275
(   )公車上原有　6　個人，又上來　4　個人，現在公車上總共有幾個人？　(Ａ)　9　個人　(Ｂ)　10　個人　(Ｃ)　2　個人。,答案：(Ｂ) 解析：6＋4＝10。 ,易,6-1_加法算式,- **ANSWER:** (Ｂ) 10 個人 - **SOLUTION:**   - Step 1: Start with the initial number of people on the bus: 6.   - Step 2: Add the number of people who got on the bus: 4.   - Step 3: Calculate the total number of people on the bus: $6 + 4 = 10$.   - Final Answer: 10 個人,1096,0.00682,26.059648513793945,True,GRADE: CORRECT,True,"EXPLANATION: 1. The question asks for the total number of people on the bus after 4 more people get on, starting with 6 people. 2. The context provides the correct answer as (Ｂ) 10 個人, with the calculation 6 + 4 = 10. 3. The student's answer is (Ｂ) 10 個人, which matches the correct answer provided in the context. 4. The student's solution steps are:    - Step 1: Start with the initial number of people on the bus: 6.    - Step 2: Add the number of people who got on the bus: 4.    - Step 3: Calculate the total number of people on the bus: $6 + 4 = 10$. 5. The student's final answer is 10 個人, which is correct according to the context.  GRADE: CORRECT",2004,0.013229999999999999
(   )下面哪一個算式的答案和其他兩個不一樣？　(Ａ)　2＋6　(Ｂ)　6＋3　(Ｃ)　4＋4。,答案：(Ｂ) 解析：(Ａ)　2＋6＝8；(Ｂ)　6＋3＝9；(Ｃ)　4＋4＝8 ,中,6-3_加法練習,"- **ANSWER:** (Ｂ) 6＋3 - **SOLUTION:**   - Calculate each expression:     - $2 + 6 = 8$     - $6 + 3 = 9$     - $4 + 4 = 8$   - The results are 8, 9, and 8 respectively.   - The expression $6 + 3$ yields a different result (9) compared to the other two expressions (8).",1638,0.010520000000000002,37.197129011154175,True,GRADE: CORRECT  The student's answer correctly identifies (Ｂ) 6＋3 as the expression with a different result compared to the other two expressions. The provided solution also accurately calculates and explains the results of each expression.,True,"EXPLANATION: 1. **Understand the Question**: The question asks which of the given expressions yields a different result compared to the other two. 2. **Review the Context**: The context provides the correct answer and the calculations for each expression:    - (Ａ) 2＋6＝8    - (Ｂ) 6＋3＝9    - (Ｃ) 4＋4＝8    The correct answer is (Ｂ) because it results in 9, while the other two expressions result in 8. 3. **Analyze the Student's Answer**:    - The student answered (Ｂ) 6＋3.    - The student provided calculations for each expression:      - $2 + 6 = 8$      - $6 + 3 = 9$      - $4 + 4 = 8$    - The student concluded that the expression $6 + 3$ yields a different result (9) compared to the other two expressions (8). 4. **Compare with the Context**: The student's answer and calculations match the context exactly. The student correctly identified that (Ｂ) 6＋3 is the expression with a different result.  GRADE: CORRECT",2677,0.018675000000000004
(   )下面哪兩個數合起來是　10　？　(Ａ)　4　和　5　(Ｂ)　6　和　1　(Ｃ)　8　和　2。,答案：(Ｃ) 解析：(Ａ)　4　和　5　合起來是　9；(Ｂ)　6　和　1　合起來是　7。 ,中,6-3_加法練習,"- **ANSWER:** (C) 8 and 2 - **SOLUTION:**   - Evaluate each pair of numbers to see which sums to 10.   - **Option (A):** \( 4 + 5 = 9 \) (not equal to 10)   - **Option (B):** \( 6 + 1 = 7 \) (not equal to 10)   - **Option (C):** \( 8 + 2 = 10 \) (equal to 10)   - Therefore, the correct pair is (C) 8 and 2.",1396,0.01053,29.723843097686768,True,"GRADE: CORRECT  The student's answer correctly identifies that the pair of numbers (8 and 2) sums to 10, and the provided solution accurately evaluates each option.",True,"EXPLANATION: 1. The question asks which pair of numbers sums to 10. 2. The context provides the correct answer as (C) 8 and 2, and explains why the other options are incorrect:    - Option (A): 4 and 5 sum to 9.    - Option (B): 6 and 1 sum to 7. 3. The student's answer is:    - **ANSWER:** (C) 8 and 2    - **SOLUTION:**       - Evaluate each pair of numbers to see which sums to 10.      - **Option (A):** \( 4 + 5 = 9 \) (not equal to 10)      - **Option (B):** \( 6 + 1 = 7 \) (not equal to 10)      - **Option (C):** \( 8 + 2 = 10 \) (equal to 10)      - Therefore, the correct pair is (C) 8 and 2. 4. The student's answer matches the correct answer provided in the context. 5. The student's solution correctly evaluates each pair of numbers and identifies the correct pair that sums to 10.  GRADE: CORRECT",2502,0.01895
(   )碗裡面有　8　顆湯圓，吃掉　3　顆，還剩下幾顆湯圓？ (Ａ)　6　顆　(Ｂ)　5　顆　(Ｃ)　4　顆。,答案：(Ｂ) ,易,7-1_減法算式,"- **ANSWER**: (Ｂ) 5 顆 - **SOLUTION**:   - Start with 8 顆湯圓.   - Subtract the 3 顆 that were eaten: $8 - 3 = 5$.   - Therefore, the remaining number of 湯圓 is 5.",1084,0.00654,28.79116725921631,True,GRADE: CORRECT,True,"EXPLANATION: 1. The question asks how many 湯圓 are left after starting with 8 and eating 3. 2. The context provides the correct answer, which is (Ｂ) 5 顆. 3. The student answer states that the correct answer is (Ｂ) 5 顆. 4. The student also provides a solution showing the calculation: $8 - 3 = 5$. 5. The student's answer matches the correct answer provided in the context. 6. There are no conflicting statements in the student's answer.  GRADE: CORRECT",1874,0.0117
(   )公園裡有　9　個人在打太極拳，走了　2　個人後，還剩下幾個人？ (Ａ)　5　個人　(Ｂ)　6　個人　(Ｃ)　7　個人。,答案：(Ｃ) ,易,7-1_減法算式,"- **ANSWER:** (Ｃ) 7 個人 - **SOLUTION:**   - Initially, there are 9 people in the park.   - 2 people leave the park.   - The remaining number of people is calculated as $9 - 2 = 7$.   - Therefore, the answer is 7 people.",1076,0.0065,27.646796941757202,True,GRADE: CORRECT,True,"EXPLANATION: 1. The question asks how many people are left in the park after 2 people leave, starting with 9 people. 2. The context provides the correct answer, which is (Ｃ) 7 個人. 3. The student answer is (Ｃ) 7 個人. 4. The student also provides a solution:    - Initially, there are 9 people in the park.    - 2 people leave the park.    - The remaining number of people is calculated as $9 - 2 = 7$.    - Therefore, the answer is 7 people. 5. The student's solution correctly follows the steps to solve the problem and arrives at the correct answer.  GRADE: CORRECT",1887,0.012074999999999999
(   )學校有　6　棵樹，砍倒　2　棵後，還剩下幾棵樹？ (Ａ)　4　棵　(Ｂ)　5　棵　(Ｃ)　2　棵。,答案：(Ａ) ,易,7-1_減法算式,"- **ANSWER**: (Ａ) 4 棵 - **SOLUTION**:   - Start with the total number of trees: 6 棵   - Subtract the number of trees cut down: 6 - 2   - Perform the subtraction: $6 - 2 = 4$   - Therefore, the number of trees remaining is 4 棵",1083,0.006625,23.5704824924469,True,GRADE: CORRECT,True,"EXPLANATION: 1. The question asks how many trees are left after cutting down 2 out of 6 trees. 2. The context provides the correct answer, which is (Ａ) 4 棵. 3. The student answer states (Ａ) 4 棵 and provides a solution:    - They start with the total number of trees: 6 棵.    - They subtract the number of trees cut down: 6 - 2.    - They perform the subtraction: $6 - 2 = 4$.    - They conclude that the number of trees remaining is 4 棵. 4. The student's answer matches the correct answer provided in the context. 5. The student's solution is logically sound and correctly follows the steps to arrive at the correct answer.  GRADE: CORRECT",1930,0.01256
(   )有　8　朵玫瑰花，枯掉　3　朵，還剩下幾朵玫瑰花？　(Ａ)　7　朵　(Ｂ)　6　朵　(Ｃ)　5　朵。,答案：(Ｃ)  ,易,7-1_減法算式,"- **ANSWER:** (Ｃ) 5 朵 - **SOLUTION:**   - Start with the total number of roses: 8 朵   - Subtract the number of wilted roses: 8 - 3   - Perform the subtraction: $8 - 3 = 5$   - Therefore, the remaining number of roses is 5 朵",1093,0.0066949999999999996,24.86620306968689,True,GRADE: CORRECT,True,"EXPLANATION: 1. The question asks how many roses are left after 3 out of 8 roses have wilted. 2. The context provides the correct answer, which is (Ｃ) 5 朵. 3. The student answer includes both the correct answer choice (Ｃ) and a detailed solution. 4. The student's solution correctly starts with the total number of roses (8 朵). 5. The student correctly subtracts the number of wilted roses (3 朵) from the total. 6. The student correctly performs the subtraction: $8 - 3 = 5$. 7. The student concludes that the remaining number of roses is 5 朵, which matches the context's correct answer.  GRADE: CORRECT",1940,0.01253
(   )冰箱裡有　5　瓶礦泉水，姐姐喝掉　3　瓶，還剩下幾瓶礦泉水？　(Ａ)　1　瓶　(Ｂ)　2　瓶　(Ｃ)　3　瓶。,答案：(Ｂ) ,易,7-1_減法算式,"- **ANSWER:** (Ｂ) 2 瓶 - **SOLUTION:**   - Start with the total number of bottles: 5   - Subtract the number of bottles the sister drank: 5 - 3   - The remaining number of bottles is: 2   - Therefore, the answer is (Ｂ) 2 瓶",1080,0.00658,25.672828197479248,True,GRADE: CORRECT,True,"EXPLANATION: 1. The question asks how many bottles of mineral water are left in the refrigerator after the sister drinks 3 out of 5 bottles. 2. The context provides the correct answer, which is (Ｂ) 2 瓶. 3. The student's answer is (Ｂ) 2 瓶. 4. The student also provides a solution:    - They start with the total number of bottles: 5.    - They subtract the number of bottles the sister drank: 5 - 3.    - They correctly calculate the remaining number of bottles as 2.    - They conclude that the answer is (Ｂ) 2 瓶. 5. The student's answer matches the correct answer provided in the context. 6. The student's solution is logically sound and correctly follows the steps to arrive at the correct answer.  GRADE: CORRECT",1928,0.012629999999999999
(   )10　隻瓢蟲，飛走　4　隻，還剩下幾隻瓢蟲？下面哪個算式是對的？ (Ａ)　10－4＝6　(Ｂ)　6－4＝2　(Ｃ)　10－6＝4。,答案：(Ａ) ,中,7-1_減法算式,"- **ANSWER:** (Ａ) 10－4＝6 - **SOLUTION:**   - Start with 10 ladybugs.   - 4 ladybugs fly away.   - Subtract 4 from 10: $$10 - 4 = 6$$   - Therefore, 6 ladybugs are left.",1089,0.006535,25.80856943130493,True,GRADE: CORRECT,True,"EXPLANATION: 1. The question asks which equation correctly represents the scenario where 10 ladybugs are present, 4 fly away, and the remaining number of ladybugs is calculated. 2. The context provides the correct answer as (Ａ) 10－4＝6. 3. The student's answer is (Ａ) 10－4＝6. 4. The student also provides a solution:    - They start with 10 ladybugs.    - They state that 4 ladybugs fly away.    - They correctly subtract 4 from 10, resulting in 6.    - They conclude that 6 ladybugs are left. 5. The student's answer and solution match the context provided and correctly follow the steps to arrive at the correct answer.  GRADE: CORRECT",1925,0.012345
(   )車上有　9　個人，3　個人下車後，還剩下幾個人？　(Ａ)　6　個人　(Ｂ)　7　個人　(Ｃ)　8　個人。,答案：(Ａ) ,中,7-1_減法算式,"- **ANSWER:** (A) 6 個人 - **SOLUTION:**   - Start with the initial number of people on the bus: 9   - Subtract the number of people who got off the bus: 9 - 3   - Perform the calculation: $9 - 3 = 6$   - Therefore, the number of people remaining on the bus is 6.",1078,0.00665,30.37462878227234,True,GRADE: CORRECT,True,"EXPLANATION: 1. The question asks how many people are left on the bus after 3 people get off, starting with 9 people. 2. The context provides the correct answer, which is (A) 6 people. 3. The student answer states that the correct answer is (A) 6 people. 4. The student provides a solution that starts with 9 people, subtracts 3 people, and correctly calculates that 9 - 3 = 6. 5. The student's answer matches the correct answer provided in the context.  GRADE: CORRECT",1872,0.01183
(   )樹上有　9　隻小鳥，貓咪跑來後，樹上的　9　隻小鳥全部飛走了。樹上還有幾隻小鳥？ (Ａ)　0　隻　(Ｂ)　8　隻　(Ｃ)　9　隻。,答案：(Ａ) ,難,7-2_0的減法,"- **ANSWER:** (Ａ) 0 隻 - **SOLUTION:**   - Initially, there are 9 birds on the tree.   - A cat approaches, causing all 9 birds to fly away.   - Therefore, the number of birds remaining on the tree is $9 - 9 = 0$.   - Final answer: 0 birds.",457,0.003075,13.178409576416016,True,GRADE: CORRECT,True,"EXPLANATION: 1. The question asks how many birds are left on the tree after a cat causes all 9 birds to fly away. 2. The context provides the correct answer, which is (Ａ) 0 隻. 3. The student's answer is (Ａ) 0 隻. 4. The student's solution explains that initially there are 9 birds on the tree. 5. The student states that a cat approaches, causing all 9 birds to fly away. 6. The student correctly calculates that the number of birds remaining on the tree is $9 - 9 = 0$. 7. The student's final answer is 0 birds, which matches the correct answer provided in the context.  GRADE: CORRECT",1311,0.008875000000000001
(   )樹上原來有　3　隻小鳥，飛走　3　隻後，樹上還有幾隻小鳥？ (Ａ)　1　隻　(Ｂ)　2　隻　(Ｃ)　0　隻。,答案：(Ｃ) ,中,7-2_0的減法,"- **ANSWER:** (Ｃ) 0 隻 - **SOLUTION:**   - Start with the initial number of birds: 3   - Subtract the number of birds that flew away: $3 - 3$   - The result is: 0   - Therefore, there are 0 birds left on the tree.",1083,0.0065450000000000005,25.209464073181152,True,GRADE: CORRECT,True,"EXPLANATION: 1. The question asks how many birds are left on the tree after 3 birds fly away from an initial count of 3 birds. 2. The context provides the correct answer, which is (Ｃ) 0 隻. 3. The student's answer is (Ｃ) 0 隻, which matches the correct answer provided in the context. 4. The student's solution shows the correct steps:    - They start with the initial number of birds: 3.    - They subtract the number of birds that flew away: $3 - 3$.    - They correctly conclude that the result is 0. 5. The student's answer is factually accurate and matches the context.  GRADE: CORRECT",1900,0.012150000000000001
(   )10－2　的答案是多少？　(Ａ)　7　(Ｂ)　8　(Ｃ)　9。,答案：(Ｂ) ,易,7-3_減法練習,"- **ANSWER**: (Ｂ) 8 - **SOLUTION**:   - The given expression is $10 - 2$.   - Subtract 2 from 10.   - $10 - 2 = 8$   - Therefore, the answer is 8.",1002,0.00603,24.655285596847534,True,GRADE: CORRECT,True,EXPLANATION: 1. The question asks for the result of the expression \(10 - 2\). 2. The context provides the correct answer as (Ｂ) 8. 3. The student's answer is (Ｂ) 8. 4. The student also provides a solution:    - They correctly identify the given expression as \(10 - 2\).    - They correctly perform the subtraction: \(10 - 2 = 8\).    - They conclude that the answer is 8. 5. The student's answer matches the correct answer provided in the context.  GRADE: CORRECT,1704,0.01079
(   )小美原有　9　顆糖果，分給姐姐　7　顆，小美還有幾顆糖果？　(Ａ)　2　顆　(Ｂ)　3　顆　(Ｃ)　4　顆。,答案：(Ａ) 解析：9－7＝2 ,中,7-4_加一加，減一減,- **ANSWER:** (A) 2 顆 - **SOLUTION:**   - 小美原有 9 顆糖果。   - 分給姐姐 7 顆。   - 剩下的糖果數量計算為 $9 - 7$。   - 計算結果為 2 顆。   - 因此，小美還有 2 顆糖果。,1094,0.00677,25.568408012390137,True,GRADE: CORRECT,True,"EXPLANATION: 1. The question asks how many candies Xiaomei has left after giving 7 candies to her sister from an initial total of 9 candies. 2. The context provides the correct answer and the calculation: 9 - 7 = 2, which corresponds to option (A) 2 顆. 3. The student's answer is (A) 2 顆, which matches the correct answer provided in the context. 4. The student's solution also correctly outlines the steps:    - Xiaomei originally had 9 candies.    - She gave 7 candies to her sister.    - The remaining number of candies is calculated as 9 - 7.    - The result of this calculation is 2 candies.    - Therefore, Xiaomei has 2 candies left. 5. The student's answer and solution are factually accurate and align with the context provided.  GRADE: CORRECT",1998,0.0132
(   )雞舍裡有　3　隻公雞和　7　隻母雞，雞舍裡有幾隻雞？　(Ａ)　10　隻　(Ｂ)　4　隻　(Ｃ)　3　隻。,答案：(Ａ) 解析：3＋7＝10 ,中,7-4_加一加，減一減,- **ANSWER:** 10 隻 - **SOLUTION:**   - Step 1: Identify the number of 公雞 (roosters) and 母雞 (hens).   - Step 2: Add the number of 公雞 and 母雞 together.     $$3 + 7 = 10$$   - Step 3: The total number of chickens in the 雞舍 (chicken coop) is 10.,1099,0.0068249999999999995,23.274505138397217,True,GRADE: CORRECT,True,"EXPLANATION: 1. The question asks for the total number of chickens in the chicken coop, given that there are 3 roosters and 7 hens. 2. The context provides the correct answer as (A) 10, with the explanation that 3 + 7 = 10. 3. The student's answer states that the total number of chickens is 10, which matches the correct answer provided in the context. 4. The student's solution correctly identifies the number of roosters and hens, adds them together, and arrives at the correct total of 10 chickens.  GRADE: CORRECT",1943,0.012295
(   )教室裡有　10　個小朋友，4　個小朋友出去上廁所，教室裡還有幾個小朋友？　(Ａ)　5　個　(Ｂ)　6　個　(Ｃ)　7　個。,答案：(Ｂ) 解析：10－4＝6 ,中,7-4_加一加，減一減,"- **ANSWER**: (Ｂ) 6 個 - **SOLUTION**:   - Start with the total number of children in the classroom: 10   - Subtract the number of children who went to the restroom: 10 - 4   - Perform the subtraction: $10 - 4 = 6$   - Therefore, there are 6 children remaining in the classroom.",1090,0.00669,25.080811500549316,True,GRADE: CORRECT,True,"EXPLANATION: 1. The question asks how many children remain in the classroom after 4 children leave to go to the restroom. 2. The context provides the correct answer and the calculation: 10 children initially, 4 leave, resulting in 6 children remaining (10 - 4 = 6). 3. The student's answer is (Ｂ) 6 個, which matches the correct answer provided in the context. 4. The student's solution also correctly follows the steps of the calculation:    - Start with 10 children.    - Subtract 4 children who went to the restroom.    - The result of the subtraction is 6. 5. There are no conflicting statements or errors in the student's answer or solution.  GRADE: CORRECT",1947,0.012535000000000001
(   )小明家養了　4　隻鳥，小強家養了　6　隻鳥，兩人合起來養了幾隻鳥？　(Ａ)　11　隻　(Ｂ)　10　隻　(Ｃ)　3　隻。,答案：(Ｂ) 解析：4＋6＝10 ,中,7-4_加一加，減一減,- **ANSWER:** (Ｂ) 10 隻 - **SOLUTION:**   - Step 1: Identify the number of birds 小明 and 小強 have.     - 小明 has 4 birds.     - 小強 has 6 birds.   - Step 2: Add the number of birds together.     - $$4 + 6 = 10$$   - Final Answer: They have a total of 10 birds.,1108,0.00688,26.0483820438385,True,GRADE: CORRECT,True,"EXPLANATION: 1. **Identify the number of birds each person has:**    - According to the context, 小明 has 4 birds.    - 小強 has 6 birds.  2. **Add the number of birds together:**    - The student correctly adds the number of birds: 4 + 6 = 10.  3. **Compare the student's answer with the provided options:**    - The student selects option (Ｂ) 10 隻, which matches the correct answer provided in the context.  4. **Check the student's solution steps:**    - The student correctly identifies the number of birds each person has.    - The student correctly performs the addition.    - The student correctly concludes that the total number of birds is 10.  Since the student's answer and solution steps are accurate and align with the context, the student's answer is factually correct.  GRADE: CORRECT",2025,0.013345
(   )媽媽買了　7　顆蘋果，今天吃掉　3　顆，還有幾顆蘋果？　(Ａ)　4　顆　(Ｂ)　5　顆　(Ｃ)　6　顆。,答案：(Ａ) 解析：7－3＝4 ,中,7-4_加一加，減一減,- **ANSWER:** 4 - **SOLUTION:**   - Step 1: Start with the total number of apples bought: 7.   - Step 2: Subtract the number of apples eaten: $7 - 3$.   - Step 3: Perform the subtraction: $7 - 3 = 4$.   - Final Answer: 4 apples remaining.,1087,0.006665,26.175836086273193,True,GRADE: CORRECT,True,"EXPLANATION: 1. The question asks how many apples are left after eating 3 out of 7 apples. 2. The context provides the correct answer and the calculation: \(7 - 3 = 4\). 3. The student's answer is ""4"" and includes a detailed solution:    - Step 1: They correctly identify the total number of apples bought as 7.    - Step 2: They correctly identify the number of apples eaten as 3 and set up the subtraction \(7 - 3\).    - Step 3: They correctly perform the subtraction \(7 - 3 = 4\).    - Final Answer: They correctly state that 4 apples remain. 4. The student's answer matches the correct answer provided in the context and does not contain any conflicting statements.  GRADE: CORRECT",1955,0.012735
(   )晒衣架上有　9　條毛巾，被風吹掉　3　條，晒衣架上還有幾條毛巾？　(Ａ)　5　條　(Ｂ)　6　條　(Ｃ)　7　條。,答案：(Ｂ) 解析：9－3＝6 ,中,7-4_加一加，減一減,"- **ANSWER:** (Ｂ) 6 條 - **SOLUTION:**   - Start with the total number of towels on the clothes rack: 9   - Subtract the number of towels blown away by the wind: $9 - 3$   - Perform the subtraction: $9 - 3 = 6$   - Therefore, the number of towels remaining on the clothes rack is 6.",1090,0.00673,27.170206546783447,True,GRADE: CORRECT,True,"EXPLANATION: 1. The question asks how many towels remain on the clothes rack after 3 are blown away from an initial count of 9. 2. The context provides the correct answer and the calculation: \(9 - 3 = 6\), which corresponds to option (B). 3. The student's answer is (Ｂ) 6 條. 4. The student's solution includes the correct initial number of towels (9), the correct number of towels blown away (3), and the correct subtraction operation \(9 - 3 = 6\). 5. The student's final answer matches the correct answer provided in the context.  GRADE: CORRECT",1932,0.01231
(   )小紅帽採了　4　朵紅花後，又採了　6　朵黃花，小紅帽採了幾朵花？　(Ａ)　2　朵　(Ｂ)　8　朵　(Ｃ)　10　朵。,答案：(Ｃ) 解析：4＋6＝10。 ,中,7-4_加一加，減一減,- **ANSWER:** (Ｃ) 10 朵 - **SOLUTION:**   - Step 1: 小紅帽採了 4 朵紅花。   - Step 2: 小紅帽又採了 6 朵黃花。   - Step 3: 總共採了多少朵花？計算 $4 + 6$。   - Step 4: $4 + 6 = 10$。   - 最終答案是 10 朵花。,1124,0.00716,28.997105836868286,True,GRADE: CORRECT  The student's answer matches the correct answer (Ｃ) 10 朵 and provides a clear and accurate solution process.,True,"EXPLANATION: 1. The question asks how many flowers Little Red Riding Hood picked in total after picking 4 red flowers and then 6 yellow flowers. 2. The context provides the correct answer as (C) 10 flowers, with the calculation 4 + 6 = 10. 3. The student's answer is (C) 10 朵, which matches the correct answer provided in the context. 4. The student's solution steps are:    - Step 1: 小紅帽採了 4 朵紅花 (Little Red Riding Hood picked 4 red flowers).    - Step 2: 小紅帽又採了 6 朵黃花 (Little Red Riding Hood then picked 6 yellow flowers).    - Step 3: 總共採了多少朵花？計算 $4 + 6$ (How many flowers in total? Calculate $4 + 6$).    - Step 4: $4 + 6 = 10$ (4 + 6 = 10).    - 最終答案是 10 朵花 (The final answer is 10 flowers). 5. The student's answer and solution steps are factually accurate and align with the context provided.  GRADE: CORRECT",2183,0.015355
(   )「22」怎麼讀？(Ａ)二十二　(Ｂ)十二　(Ｃ)二二。,答案：(Ａ) ,易,8-2_數到30,"- **ANSWER:** (Ａ)二十二 - **SOLUTION:**   - The question asks how to read the number ""22"" in Chinese.   - The options provided are:     - (Ａ) 二十二 (èr shí èr) which means ""twenty-two""     - (Ｂ) 十二 (shí èr) which means ""twelve""     - (Ｃ) 二二 (èr èr) which means ""two two""   - The correct way to read ""22"" in Chinese is ""二十二"" which translates to ""twenty-two"" in English.   - Therefore, the correct answer is (Ａ) 二十二.",1488,0.01139,31.99936532974243,True,GRADE: CORRECT,True,"EXPLANATION: 1. The question asks how to read the number ""22"" in Chinese. 2. The context provides the correct answer as (Ａ) 二十二. 3. The student's answer is (Ａ) 二十二. 4. To verify, we need to check the options:    - (Ａ) 二十二 (èr shí èr) translates to ""twenty-two.""    - (Ｂ) 十二 (shí èr) translates to ""twelve.""    - (Ｃ) 二二 (èr èr) translates to ""two two."" 5. The correct way to read ""22"" in Chinese is indeed ""二十二,"" which matches the student's answer. 6. The student's answer does not contain any conflicting statements and matches the correct answer provided in the context.  GRADE: CORRECT",2382,0.01755
(   )「27」怎麼讀？(Ａ)二十一　(Ｂ)七十二　(Ｃ)二十七。,答案：(Ｃ) ,易,8-2_數到30,"- **ANSWER:** (Ｃ) 二十七 - **SOLUTION:**   - Identify the number in question: 27.   - Break down the number into its constituent parts in Chinese:     - The number 2 is read as ""二"" (èr).     - The number 7 is read as ""七"" (qī).     - The number 20 is read as ""二十"" (èr shí).     - The number 27 is read as ""二十七"" (èr shí qī).   - Compare the options provided:     - (Ａ) 二十一 (èr shí yī) translates to 21.     - (Ｂ) 七十二 (qī shí èr) translates to 72.     - (Ｃ) 二十七 (èr shí qī) translates to 27.   - The correct reading for ""27"" is ""二十七"".",1457,0.011665000000000002,28.45607852935791,True,GRADE: CORRECT,True,"EXPLANATION: 1. **Identify the number in question:** The number given is 27. 2. **Break down the number into its constituent parts in Chinese:**    - The number 2 is read as ""二"" (èr).    - The number 7 is read as ""七"" (qī).    - The number 20 is read as ""二十"" (èr shí).    - The number 27 is read as ""二十七"" (èr shí qī). 3. **Compare the options provided:**    - (Ａ) 二十一 (èr shí yī) translates to 21.    - (Ｂ) 七十二 (qī shí èr) translates to 72.    - (Ｃ) 二十七 (èr shí qī) translates to 27. 4. **Determine the correct answer:** The correct reading for ""27"" is ""二十七"" (èr shí qī), which corresponds to option (Ｃ).  The student's answer matches the correct option and provides a detailed breakdown of the reasoning.  GRADE: CORRECT",2526,0.01933
(   )「29」怎麼讀？(Ａ)二十六　(Ｂ)二十九　(Ｃ)九十二。,答案：(Ｂ) ,易,8-2_數到30,"- **ANSWER**: (Ｂ) 二十九 - **SOLUTION**:   - Understand the context: The question is asking how to read the number ""29"" in Chinese.   - Identify the options provided:     - (Ａ) 二十六 (èr shí liù) - 26     - (Ｂ) 二十九 (èr shí jiǔ) - 29     - (Ｃ) 九十二 (jiǔ shí èr) - 92   - Compare the number ""29"" with the options:     - ""29"" in Chinese is read as ""二十九"" (èr shí jiǔ).   - Therefore, the correct answer is (Ｂ) 二十九.",1304,0.009930000000000001,25.84309220314026,True,"GRADE: CORRECT  The student's answer correctly identifies (Ｂ) 二十九 as the way to read the number ""29"" in Chinese, which matches the context provided.",True,"EXPLANATION: 1. Understand the context: The question is asking how to read the number ""29"" in Chinese. 2. Identify the options provided:    - (Ａ) 二十六 (èr shí liù) - 26    - (Ｂ) 二十九 (èr shí jiǔ) - 29    - (Ｃ) 九十二 (jiǔ shí èr) - 92 3. Compare the number ""29"" with the options:    - ""29"" in Chinese is read as ""二十九"" (èr shí jiǔ). 4. The student's answer is:    - **ANSWER**: (Ｂ) 二十九    - **SOLUTION**: The student correctly identifies that ""29"" is read as ""二十九"" in Chinese. 5. The student's answer matches the correct option (Ｂ) provided in the context.  GRADE: CORRECT",2278,0.01703
(   )停車場有　30　輛汽車，開走　1　輛，還有幾輛汽車？(Ａ)　30　輛　(Ｂ)　29　輛　(Ｃ)　28　輛。,答案：(Ｂ) ,中,8-2_數到30,"- **ANSWER:** (Ｂ) 29 輛 - **SOLUTION:**   1. Start with the total number of cars: 30 輛.   2. Subtract the number of cars that left: 30 - 1.   3. Perform the calculation: $30 - 1 = 29$.   4. Therefore, the number of cars remaining is 29 輛.",1091,0.006784999999999999,21.680756330490112,True,"GRADE: CORRECT  The student's answer matches the correct answer provided in the context. The student correctly identified that after one car leaves, 29 cars remain. The additional explanation provided does not conflict with the correct answer.",True,EXPLANATION: 1. The question asks how many cars are left in the parking lot after one car leaves. 2. The context provides the correct answer as (Ｂ) 29 輛. 3. The student's answer is (Ｂ) 29 輛. 4. The student's solution steps are:    - Start with the total number of cars: 30 輛.    - Subtract the number of cars that left: 30 - 1.    - Perform the calculation: $30 - 1 = 29$.    - Conclude that the number of cars remaining is 29 輛. 5. The student's answer matches the correct answer provided in the context. 6. The student's solution steps are logically correct and lead to the correct answer.  GRADE: CORRECT,1994,0.013379999999999998
(   )停車場有　29　輛汽車，又開進來　1　輛，現在停車場有幾輛汽車？(Ａ)　30　輛　(Ｂ)　29　輛　(Ｃ)　28　輛。,答案：(Ａ) ,中,8-2_數到30,- **ANSWER:** (Ａ) 30 輛 - **SOLUTION:**   - Step 1: Identify the initial number of cars in the parking lot: 29 輛.   - Step 2: Add the number of cars that entered the parking lot: 1 輛.   - Step 3: Perform the addition: $29 + 1 = 30$.   - Final Answer: 30 輛.,1103,0.006885,26.905296325683594,True,GRADE: CORRECT,True,"EXPLANATION: 1. **Identify the initial number of cars in the parking lot:** The question states that there are 29 cars initially. 2. **Add the number of cars that entered the parking lot:** The question mentions that 1 car entered the parking lot. 3. **Perform the addition:** Adding the initial number of cars (29) to the number of cars that entered (1) gives us $29 + 1 = 30$. 4. **Compare the student's answer to the correct answer:** The student answered (Ａ) 30 輛, which matches the correct answer provided in the context.  GRADE: CORRECT",1949,0.012465
(   )麵包店裡有　16　個牛角麵包和　12　個甜甜圈，牛角麵包多還是甜甜圈多？　(Ａ)牛角麵包　(Ｂ)甜甜圈　(Ｃ)一樣多。,答案：(Ａ) ,中,8-4_數的比較,"- **ANSWER**: (A) Croissants - **SOLUTION**:   - Identify the number of croissants: 16   - Identify the number of donuts: 12   - Compare the two quantities: 16 (croissants) vs. 12 (donuts)   - Determine which number is greater: 16 is greater than 12   - Therefore, there are more croissants than donuts.",1261,0.008805,29.988057851791382,True,"GRADE: CORRECT  The student's answer correctly identifies that there are more croissants (牛角麵包) than donuts (甜甜圈), which matches the given context. The additional explanation provided does not contain any conflicting statements.",True,"EXPLANATION: 1. The question asks whether there are more croissants or donuts in a bakery that has 16 croissants and 12 donuts. 2. The context provides the correct answer, which is (A) 牛角麵包 (croissants). 3. The student's answer is (A) Croissants. 4. The student provides a solution that correctly identifies the number of croissants (16) and the number of donuts (12). 5. The student correctly compares the two quantities and determines that 16 is greater than 12. 6. The student concludes that there are more croissants than donuts, which matches the correct answer provided in the context.  GRADE: CORRECT",2147,0.015105
(   )26、10、18　三個數中，哪一個數最大？　(Ａ)　26　(Ｂ)　10　(Ｃ)　18。,答案：(Ａ) ,難,8-4_數的比較,ERROR,0,0,0,False,,False,,0,0
(   )按照由小到大的順序，排出　29、7、12　三個數？　(Ａ)　12、7、29　(Ｂ)　12、29、7　(Ｃ)　7、12、29。,答案：(Ｃ) ,難,8-4_數的比較,"- **ANSWER:** (Ｃ) 7、12、29 - **SOLUTION:**   - Identify the numbers to be sorted: 29, 7, and 12.   - Compare the numbers to determine their order from smallest to largest.     - Compare 29 and 7: 7 is smaller than 29.     - Compare 7 and 12: 7 is smaller than 12.     - Compare 12 and 29: 12 is smaller than 29.   - Arrange the numbers based on the comparisons: 7, 12, 29.",1289,0.009455,24.20685601234436,True,GRADE: CORRECT  The student's answer matches the correct answer provided in the context. The additional explanation does not contain any conflicting statements and correctly explains the process of ordering the numbers.,True,"EXPLANATION: 1. **Identify the numbers to be sorted:** The numbers given are 29, 7, and 12. 2. **Compare the numbers to determine their order from smallest to largest:**    - Compare 29 and 7: 7 is smaller than 29.    - Compare 7 and 12: 7 is smaller than 12.    - Compare 12 and 29: 12 is smaller than 29. 3. **Arrange the numbers based on the comparisons:** The correct order from smallest to largest is 7, 12, 29. 4. **Check the student's answer:** The student selected (Ｃ) 7、12、29, which matches the correct order.  GRADE: CORRECT",2228,0.016050000000000002
(   )11、27、30，哪一個數最小？　(Ａ)　11　(Ｂ)　27　(Ｃ)　30。,答案：(Ａ) 解析：順著數，最先數到的數最小，所以　11　最小。 ,難,8-4_數的比較,ERROR,0,0,0,False,,False,,0,0
(   )停車場有　25　輛汽車和　28　輛機車，哪一種比較多？　(Ａ)汽車　(Ｂ)機車　(Ｃ)一樣多。,答案：(Ｂ) ,中,8-4_數的比較,"- **ANSWER**: (Ｂ)機車 - **SOLUTION**:   - Compare the number of cars and motorcycles.   - Number of cars: 25   - Number of motorcycles: 28   - Calculate the difference: $28 - 25 = 3$   - Since 28 (motorcycles) is greater than 25 (cars), there are more motorcycles.   - Therefore, the answer is (Ｂ)機車.",1074,0.00673,27.903897047042847,True,GRADE: CORRECT,True,"EXPLANATION: 1. The question asks which is more between 25 cars and 28 motorcycles. 2. The context provides the correct answer as (Ｂ)機車, indicating that there are more motorcycles. 3. The student answer states (Ｂ)機車, which matches the correct answer. 4. The student provides a solution that compares the number of cars (25) and motorcycles (28). 5. The student correctly calculates the difference as $28 - 25 = 3$. 6. The student concludes that since 28 (motorcycles) is greater than 25 (cars), there are more motorcycles. 7. The student's reasoning and conclusion align with the context provided.  GRADE: CORRECT",1903,0.012355
(   )冰箱裡有　15　瓶果汁和　9　瓶牛奶，哪一種比較少？　(Ａ)果汁　(Ｂ)牛奶　(Ｃ)一樣多。,答案：(Ｂ) ,中,8-4_數的比較,"- **ANSWER:** (B) Milk - **SOLUTION:**   - Identify the number of bottles of juice: 15   - Identify the number of bottles of milk: 9   - Compare the two quantities:     - 15 (juice) is greater than 9 (milk)   - Therefore, milk is the one with fewer bottles.",1139,0.0076749999999999995,28.638632774353027,True,GRADE: CORRECT,True,"EXPLANATION: 1. The question asks which item is fewer in quantity between juice and milk in the refrigerator. 2. The context provides the correct answer as (B) 牛奶 (milk). 3. The student identifies the number of bottles of juice as 15 and the number of bottles of milk as 9. 4. The student correctly compares the two quantities, noting that 15 (juice) is greater than 9 (milk). 5. Based on this comparison, the student concludes that milk is the one with fewer bottles. 6. The student's answer matches the correct answer provided in the context.  GRADE: CORRECT",1907,0.012825
(   )有　18　位小朋友和　15　頂帽子，小朋友多還是帽子多？　(Ａ)小朋友　(Ｂ)帽子　(Ｃ)一樣多。,答案：(Ａ) ,易,8-4_數的比較,- **ANSWER**: (A) Children - **SOLUTION**:   - Identify the number of children: 18   - Identify the number of hats: 15   - Compare the two quantities: $18 > 15$   - Conclude that there are more children than hats.,1167,0.007935,25.141754150390625,True,GRADE: CORRECT,True,"EXPLANATION: 1. Identify the number of children: The context states there are 18 children. 2. Identify the number of hats: The context states there are 15 hats. 3. Compare the two quantities: Compare 18 (children) and 15 (hats). 4. Determine which is greater: 18 is greater than 15. 5. Conclude that there are more children than hats: Since 18 is greater than 15, there are more children than hats. 6. Verify the student's answer: The student selected (A) Children, which matches the correct conclusion.  GRADE: CORRECT",1908,0.01294
(   )廚房有　25　顆蘋果和　28　顆梨子，蘋果比梨子多還是少？　(Ａ)多　(Ｂ)少　(Ｃ)一樣。,答案：(Ｂ) ,中,8-4_數的比較,"- **ANSWER**: (Ｂ)少 - **SOLUTION**:   - Calculate the difference between the number of apples and pears: $25 - 28 = -3$   - Since the result is negative, it means there are fewer apples than pears.   - Therefore, the answer is (Ｂ)少.",1052,0.00634,29.48769521713257,True,GRADE: CORRECT,True,"EXPLANATION: 1. The question asks whether there are more apples or pears in the kitchen, given that there are 25 apples and 28 pears. 2. The context provides the correct answer, which is (Ｂ)少, indicating that there are fewer apples than pears. 3. The student has chosen (Ｂ)少 as their answer. 4. The student has also provided a solution to support their answer:    - They calculated the difference between the number of apples and pears: $25 - 28 = -3$.    - They correctly interpreted the negative result to mean that there are fewer apples than pears. 5. The student's answer and reasoning align with the context provided.  GRADE: CORRECT",1835,0.011734999999999999
(   )盒子裡有　20　顆軟糖和　17　顆巧克力，20　顆比　17　顆多還是少？　(Ａ)多　(Ｂ)少　(Ｃ)一樣。,答案：(Ａ) ,易,8-4_數的比較,"- **ANSWER**: (Ａ)多 - **SOLUTION**:   - Identify the two quantities: 20 (soft candies) and 17 (chocolates).   - Compare the two numbers: $20 > 17$.   - Conclusion: 20 is more than 17.   - Therefore, the answer is (Ａ)多.",1045,0.006775,21.683517456054688,True,GRADE: CORRECT  The student's answer correctly identifies that 20 is more than 17 and selects the correct option (Ａ)多. The additional explanation provided does not contain any conflicting statements and supports the correct answer.,True,"EXPLANATION: 1. Identify the quantities given in the question: 20 soft candies and 17 chocolates. 2. Compare the two numbers: 20 and 17. 3. Determine which number is greater: 20 is greater than 17. 4. The question asks whether 20 is more, less, or the same as 17. 5. The correct answer is that 20 is more than 17. 6. The student selected (Ａ)多, which means ""more"" in English. 7. The student's solution correctly identifies the quantities, compares them, and concludes that 20 is more than 17.  GRADE: CORRECT",1883,0.012735
(   )小紅帽要去外婆家，下面哪一件事情會最後發生？　(Ａ)從家裡出發　(Ｂ)帶著花到達外婆家　(Ｃ)在路上採了花。,答案：(Ｂ) ,難,9-1_事件的先後,"- **ANSWER:** (Ｂ) 帶著花到達外婆家 - **SOLUTION:**   - Identify the events:     - (A) 從家裡出發 (Leaving home)     - (B) 帶著花到達外婆家 (Arriving at grandmother's house with flowers)     - (C) 在路上採了花 (Picking flowers on the way)   - Sequence the events logically:     - First, 小紅帽 must leave home to start her journey. Therefore, (A) 從家裡出發 happens first.     - While on the way to her grandmother's house, she picks flowers. Therefore, (C) 在路上採了花 happens after she leaves home but before she arrives at her destination.     - Finally, she arrives at her grandmother's house with the flowers she picked. Therefore, (B) 帶著花到達外婆家 happens last.   - Conclusion:     - The event that happens last is (B) 帶著花到達外婆家.",1722,0.014079999999999999,27.00354290008545,True,"GRADE: CORRECT  The student's answer correctly identifies (B) 帶著花到達外婆家 as the event that happens last, which matches the context provided. The additional explanation provided by the student does not contain any conflicting statements and logically sequences the events.",True,"EXPLANATION: 1. **Identify the events:**    - (A) 從家裡出發 (Leaving home)    - (B) 帶著花到達外婆家 (Arriving at grandmother's house with flowers)    - (C) 在路上採了花 (Picking flowers on the way)  2. **Sequence the events logically:**    - First, 小紅帽 must leave home to start her journey. Therefore, (A) 從家裡出發 happens first.    - While on the way to her grandmother's house, she picks flowers. Therefore, (C) 在路上採了花 happens after she leaves home but before she arrives at her destination.    - Finally, she arrives at her grandmother's house with the flowers she picked. Therefore, (B) 帶著花到達外婆家 happens last.  3. **Conclusion:**    - The event that happens last is (B) 帶著花到達外婆家.  The student's answer correctly identifies the sequence of events and concludes that (B) 帶著花到達外婆家 is the last event to occur.  GRADE: CORRECT",2972,0.02332
(   )做下面哪一件事花的時間最長？　(Ａ)吃一碗飯　(Ｂ)喝一杯豆漿　(Ｃ)看一部電影。,答案：(Ｃ) ,中,9-1_事件的先後,- **ANSWER:** (C) 看一部電影 (Watching a movie) - **SOLUTION:**   - Consider the typical duration for each activity:     - Eating a bowl of rice: 10 to 20 minutes     - Drinking a cup of soy milk: 5 to 10 minutes     - Watching a movie: 1.5 to 2.5 hours   - Compare the durations:     - Eating a bowl of rice: 10 to 20 minutes     - Drinking a cup of soy milk: 5 to 10 minutes     - Watching a movie: 1.5 to 2.5 hours   - Watching a movie takes the longest time.   - **Final Answer:** (C) 看一部電影 (Watching a movie),1579,0.012525,30.087703466415405,True,"GRADE: CORRECT  The student's answer correctly identifies (C) 看一部電影 (Watching a movie) as the activity that takes the longest time, which matches the context provided. The additional information provided by the student does not conflict with the correct answer.",True,"EXPLANATION: 1. The question asks which activity takes the longest time. 2. The context provides the correct answer, which is (C) 看一部電影 (Watching a movie). 3. The student's answer is (C) 看一部電影 (Watching a movie). 4. The student also provides a detailed solution comparing the typical durations of each activity:    - Eating a bowl of rice: 10 to 20 minutes    - Drinking a cup of soy milk: 5 to 10 minutes    - Watching a movie: 1.5 to 2.5 hours 5. The student's comparison correctly identifies that watching a movie takes the longest time. 6. The student's final answer matches the correct answer provided in the context.  GRADE: CORRECT",2583,0.019635
(   )做下面哪一件事花的時間最短？　(Ａ)下課休息時間玩遊戲　(Ｂ)午睡　(Ｃ)晚上睡覺。,答案：(Ａ) ,易,9-1_事件的先後,"- **ANSWER:** (Ａ)下課休息時間玩遊戲 - **SOLUTION:**   - To determine which activity takes the shortest amount of time, we compare the typical durations of each activity:     - (Ａ) 下課休息時間玩遊戲 (Playing games during break time): Typically, a school break lasts around 10-15 minutes.     - (Ｂ) 午睡 (Taking a nap): A nap usually lasts around 30 minutes to 1 hour.     - (Ｃ) 晚上睡覺 (Sleeping at night): Night sleep typically lasts around 7-8 hours.   - Comparing these durations, it is clear that playing games during break time takes the shortest amount of time.   - Therefore, the answer is (Ａ)下課休息時間玩遊戲.",515,0.004285,12.077458143234253,True,"GRADE: CORRECT  The student's answer correctly identifies (Ａ)下課休息時間玩遊戲 as the activity that takes the shortest amount of time, which matches the provided context.",True,EXPLANATION: 1. The question asks which activity takes the shortest amount of time. 2. The context provides the correct answer as (Ａ)下課休息時間玩遊戲 (Playing games during break time). 3. The student's answer is (Ａ)下課休息時間玩遊戲 (Playing games during break time). 4. The student also provides a solution explaining the typical durations of each activity:    - (Ａ) Playing games during break time: 10-15 minutes.    - (Ｂ) Taking a nap: 30 minutes to 1 hour.    - (Ｃ) Sleeping at night: 7-8 hours. 5. The student's explanation correctly identifies that playing games during break time takes the shortest amount of time compared to the other activities. 6. There are no conflicting statements in the student's answer.  GRADE: CORRECT,1547,0.011574999999999998
