input,output,difficulty,chapter
(   )小芬從家裡走到學校的距離是　350　公尺，是幾公里？　(Ａ)　3.5　公里　(Ｂ)　0.035　公里　(Ｃ)　0.35　公里　(Ｄ)　0.305　公里。,答案：(Ｃ) 解析：350　公尺＝0.35　公里 ,易,1-1_三位小數
(   )下列關於「303.003」中，數字　3　的含義，哪一個正確？　(Ａ)有　3　個　10，是　30　(Ｂ)有　3　個　0.001，是　0.003　(Ｃ)有　3　個　0.01，是　0.03　(Ｄ)有　3　個　0.1，是　0.3。,答案：(Ｂ) 解析：「303.003」中，有　3　個　100，是　300；有　3　個　1，是　3； 有　3　個　0.001，是　0.003。 ,中,1-1_三位小數
(   )40　個　10　公尺，合起來是幾公里？　(Ａ)　0.4　公里　(Ｂ)　0.04　公里　(Ｃ)　4　公里　(Ｄ)　0.004　公里。,答案：(Ａ) 解析：40　個　10　公尺是　400　公尺，也就是　0.4　公里。 ,中,1-1_三位小數
(   )已知甲數是　0.1、乙數是　0.0089、丙數是　0.03、丁數是　0.007，則哪一個數最小？　(Ａ)甲數　(Ｂ)乙數　(Ｃ)丙數　(Ｄ)丁數。,答案：(Ｄ) 解析：0.1＞0.03＞0.0089＞0.007， 所以甲數＞丙數＞乙數＞丁數。 ,中,1-2_多位小數與大小比較
(   )已知　2.0□501＞2.09401，□中的數字是多少？　(Ａ)　0　(Ｂ)　4　(Ｃ)　5　(Ｄ)　9。,答案：(Ｄ) 解析：2.00501＜2.09401，2.04501＜2.09401，2.05501＜2.09401，2.09501＞2.09401 ,中,1-2_多位小數與大小比較
(   )下列哪一個數比　0.3　大？　(Ａ)　99　個　0.001　(Ｂ)　4000　個　0.00001　(Ｃ)　20　個　0.1　(Ｄ)　5　個　0.01。,答案：(Ｃ) 解析：(Ａ)　99　個　0.001　是　0.099； (Ｂ)　4000　個　0.00001　是　0.04； (Ｃ)　20　個　0.1　是　2； (Ｄ)　5　個　0.01　是　0.05。 ,中,1-2_多位小數與大小比較
(   )有一個小數，比　0.402　小、比　0.39903　大，這個小數可能是下列哪一個數？　(Ａ)　0.34　(Ｂ)　0.40199　(Ｃ)　0.05888　(Ｄ)　0.41018。,答案：(Ｂ) 解析：(Ａ)　0.34＜0.39903； (Ｂ)　0.39903＜0.40199＜0.402； (Ｃ)　0.05888＜0.39903； (Ｄ)　0.41018＞0.402。 ,中,1-2_多位小數與大小比較
(   )小數點後第　3　位的位名稱為　(Ａ)十分位　(Ｂ)百分位　(Ｃ)千分位　(Ｄ)萬分位。,答案：(Ｃ) 解析：(Ａ)十分位是小數點後第　1　位； (Ｂ)百分位是小數點後第　2　位； (Ｃ)千分位是小數點後第　3　位； (Ｄ)萬分位是小數點後第　4　位。 ,易,1-2_多位小數與大小比較
(   )81　個　0.00001　合起來，讀作　(Ａ)零點零八十一　(Ｂ)零點零八一　(Ｃ)零點零零零八十一　(Ｄ)零點零零零八一。,答案：(Ｄ) 解析：81　個　0.00001　合起來是　0.00081。 ,易,1-2_多位小數與大小比較
(   )0.0512、0.00125、0.000512、0.125　這四個數中，何者最大？　(Ａ)　0.0512　(Ｂ)　0.00125　(Ｃ)　0.000512　(Ｄ)　0.125。,答案：(Ｄ) 解析：0.125＞0.0512＞0.00125＞0.000512 ,易,1-2_多位小數與大小比較
(   )814　平方公分可以記為　(Ａ)　0.000814　平方公尺　(Ｂ)　0.00814　平方公尺　(Ｃ)　0.0814　平方公尺　(Ｄ)　0.814　平方公尺。,答案：(Ｃ) 解析：1　平方公分是　0.0001　平方公尺。 ,中,1-2_多位小數與大小比較
(   )800　平方公尺可以記為　(Ａ)　0.8　平方公里　(Ｂ)　0.08　平方公里　(Ｃ)　0.008　平方公里　(Ｄ)　0.0008　平方公里。,答案：(Ｄ) 解析：1　平方公尺是　0.000001　平方公里。 ,中,1-2_多位小數與大小比較
(   )花媽和阿姨一起上街買紅豆，花媽買了　5.2　公斤的紅豆，阿姨比花媽少買　0.427　公斤的紅豆，阿姨買了幾公斤的紅豆？　(Ａ)　4.773　公斤　(Ｂ)　4.673　公斤　(Ｃ)　4.783　公斤　(Ｄ)　4.774　公斤。,答案：(Ａ) 解析：寫成直式時，位值要對齊。5.2－0.427＝4.773 ,中,1-3_多位小數的加減
(   )甲數為　1.8052，乙數為　2.469，甲、乙兩數的和是多少？　(Ａ)　4.2842　　(Ｂ)　5.2742　　(Ｃ)　4.2742　　(Ｄ)　4.3742。,答案：(Ｃ) 解析：寫成直式時，位值要對齊。1.8052＋2.469＝4.2742 ,中,1-3_多位小數的加減
(   )小志和小清在同一時間向東起跑，1　小時後，小志跑了　8.052　公里，小清跑了　6.83　公里，此時兩人的距離相差幾公里？　(Ａ)　1.223　公里　(Ｂ)　1.232　公里　(Ｃ)　1.322　公里　(Ｄ)　1.222　公里。,答案：(Ｄ) 解析：寫成直式時，位值要對齊。8.052－6.83＝1.222 ,中,1-3_多位小數的加減
(   )媽媽將　540　毫升的牛奶和　1.875　公升的紅茶混合後，製作成鮮奶茶。鮮奶茶的容量是幾公升？　(Ａ)　2.315　公升　(Ｂ)　2.415　公升　(Ｃ)　2.515　公升　(Ｄ)　2.425　公升。,答案：(Ｂ) 解析：寫成直式時，位值要對齊。540　毫升＝0.54　公升，0.54＋1.875＝2.415。 ,中,1-3_多位小數的加減
(   )2.4513＋1.7288＝□，□的答案是　(Ａ)　4.17101　(Ｂ)　4.1801　(Ｃ)　4.1701　(Ｄ)　4.18101。,答案：(Ｂ) 解析：計算小數加減法直式時，位值和小數點都要對齊。 ,易,1-3_多位小數的加減
(   )6.047－0.1665＝□，□的答案是　(Ａ)　5.8805　(Ｂ)　6.9805　(Ｃ)　4.382　(Ｄ)　5.382。,答案：(Ａ) 解析：計算小數加減法直式時，位值和小數點都要對齊。 ,中,1-3_多位小數的加減
(   )將5/7標示在數線上，5/7會落在哪兩個小數之間？　(Ａ)　0.5　和　0.6　(Ｂ)　0.6　和　0.7　(Ｃ)　0.7　和　0.8　(Ｄ)　0.8　和　0.9。,答案：(Ｃ) 解析：5/7＝0.7……。 ,易,1-4_分數和小數的數線
(   )等腰直角三角形有幾條對稱軸？　(Ａ)　0　條　(Ｂ)　1　條　(Ｃ)　2　條　(Ｄ)　3　條。,答案：(Ｂ) ,易,10-1_認識線對稱圖形
(   )下面哪一個圖形有　4　條對稱軸？　(Ａ)平行四邊形　(Ｂ)梯形　(Ｃ)正方形　(Ｄ)長方形。,答案：(Ｃ) 解析：(Ａ)平行四邊形有　0　條對稱軸；(Ｂ)梯形有　0　或　1　條對稱軸；(Ｃ)正方形有　4　條對稱軸；(Ｄ)長方形有　2　條對稱軸。 ,易,10-1_認識線對稱圖形
(   )長方形有幾條對稱軸？　(Ａ)　1　條　(Ｂ)　2　條　(Ｃ)　4　條　(Ｄ)無限多條。,答案：(Ｂ) ,中,10-1_認識線對稱圖形
(   )圓形有幾條對稱軸？　(Ａ)　0　條　(Ｂ)　1　條　(Ｃ)　2　條　(Ｄ)無限多條。,答案：(Ｄ) ,中,10-1_認識線對稱圖形
(   )下面哪一個四邊形不是線對稱圖形？　(Ａ)正方形　(Ｂ)長方形　(Ｃ)菱形　(Ｄ)平行四邊形。,答案：(Ｄ) 解析：將圖形對摺，圖形兩側會完全重疊。這種圖形稱為線對稱圖形。 ,易,10-1_認識線對稱圖形
(   )下面關於線對稱圖形，何者敘述正確？　(Ａ)對稱點的連線必定垂直對稱軸　(Ｂ)對稱邊必互相平行　(Ｃ)對稱軸不會平分對稱點的連線　(Ｄ)每條對稱點的連線必互相垂直。,答案：(Ａ) 解析：(Ｂ)對稱邊不一定互相平行；(Ｃ)對稱軸會平分對稱點的連線；(Ｄ)每條對稱點的連線必互相平行。 ,難,10-2_對稱點、對稱角、對稱邊
(   )線對稱圖形中，摺疊後重疊的兩邊稱為　(Ａ)對稱邊　(Ｂ)對稱軸　(Ｃ)對稱點　(Ｄ)對稱中心。,答案：(Ａ) 解析：將圖形對摺，圖形兩側會完全重疊，這種圖形稱為線對稱圖形。其中對摺位置的那條線，稱為對稱軸。 沿著對稱軸對摺後，完全重疊的點稱為對稱點， 完全重疊的邊稱為對稱邊，完全重疊的角稱為對稱角。 ,中,10-2_對稱點、對稱角、對稱邊
(   )下面關於「線對稱」圖形，何者敘述正確？　(Ａ)線對稱圖形沿著對稱軸對摺，完全重疊的邊稱為「對角線」　(Ｂ)線對稱圖形只有一條對稱軸　(Ｃ)無論大小，只要是四邊形，都不是線對稱圖形　(Ｄ)有一個線對稱圖形，∠A　的對稱角是∠D，如果∠A　是　60　度，∠D　是　60　度。,答案：(Ｄ) 解析：(Ａ)線對稱圖形沿著對稱軸對摺，完全重疊的邊稱為「對稱邊」；(Ｂ)線對稱圖形不一定只有一條對稱軸；(Ｃ)四邊形，如：正方形，是線對稱圖形。 ,中,10-2_對稱點、對稱角、對稱邊
(   )下面哪一個敘述正確？　(Ａ)菱形的四邊等長，兩組鄰角相等　(Ｂ)箏形的兩組鄰邊等長，一組鄰角相等　(Ｃ)平行四邊形的兩組對邊等長，兩組對角相等　(Ｄ)長方形的四個角都是直角，兩組鄰邊等長。,答案：(Ｃ) 解析：(Ａ)菱形的四邊等長，鄰角不相等； (Ｂ)箏形的兩組鄰邊等長，兩組對角相等； (Ｄ)長方形的四個角都是直角，鄰邊不等長。 ,難,10-3_常見的線對稱圖形
(   )正方形和菱形不同的條件是　(Ａ)四個邊等長　(Ｂ)兩雙對邊分別互相平行　(Ｃ)兩雙對邊一樣長　(Ｄ)四個角都相等。,答案：(Ｄ) 解析：(Ｄ)菱形四個角不一定都相等。 ,易,10-3_常見的線對稱圖形
(   )正三角形有幾條對稱軸？　(Ａ)　0　條　(Ｂ)　1　條　(Ｃ)　2　條　(Ｄ)　3　條。,答案：(Ｄ) 解析：正多邊形的對稱軸數目和邊數一樣。 ,易,10-3_常見的線對稱圖形
(   )正十邊形有多少條對稱軸？　(Ａ)　1　條　(Ｂ)　5　條　(Ｃ)　10　條　(Ｄ)　20　條。,答案：(Ｃ) 解析：正多邊形的對稱軸數目和邊數一樣。 ,易,10-3_常見的線對稱圖形
(   )下面是關於「菱形」，何者敘述錯誤？　(Ａ)有　4　條對稱軸　(Ｂ)四邊等長　(Ｃ)對角一樣大　(Ｄ)相鄰的兩角相加是　180　度。,答案：(Ａ) 解析：(Ａ)有　2　條對稱軸。 ,中,10-3_常見的線對稱圖形
(   )下列敘述何者錯誤？　(Ａ)菱形有　2　條對稱軸　(Ｂ)長方形有　2　條對稱軸　(Ｃ)線對稱圖形只有　1　條對稱軸　(Ｄ)正方形有　4　條對稱軸。,答案：(Ｃ) 解析：(Ｃ)線對稱圖形不一定只有　1　條對稱軸。 ,中,10-3_常見的線對稱圖形
(   )下列哪一個數不是　16　的因數？　(Ａ)　1　(Ｂ)　4　(Ｃ)　6　(Ｄ)　8。,答案：(Ｃ) 解析：16　的因數：1、2、4、8、16 ,易,2-1_認識因數
(   )下列哪一個數不是　27　的因數？　(Ａ)　3　(Ｂ)　7　(Ｃ)　9　(Ｄ)　27。,答案：(Ｂ) 解析：27　的因數：1、3、9、27 ,易,2-1_認識因數
(   )下列哪一個數不是　50　的因數？　(Ａ)　4　(Ｂ)　5　(Ｃ)　10　(Ｄ)　25。,答案：(Ａ) 解析：50　的因數：1、2、5、10、25、50 ,易,2-1_認識因數
(   )12　的所有因數加起來是多少？　(Ａ)　25　(Ｂ)　26　(Ｃ)　27　(Ｄ)　28。,答案：(Ｄ) 解析：12　的因數：1、2、3、4、6、12， 1＋2＋3＋4＋6＋12＝28 ,中,2-1_認識因數
(   )下列哪一個數只有　2　個因數？　(Ａ)　14　(Ｂ)　15　(Ｃ)　16　(Ｄ)　17。,答案：(Ｄ) 解析：(Ａ)　14　的因數：1、2、7、14； (Ｂ)　15　的因數：1、3、5、15； (Ｃ)　16　的因數：1、2、4、8、16； (Ｄ)　17　的因數：1、17 ,中,2-1_認識因數
(   )下列哪一個數不是　56　的因數？　(Ａ)　1　(Ｂ)　2　(Ｃ)　3　(Ｄ)　4。,答案：(Ｃ) 解析：56　的因數：1、2、4、7、8、14、28、56 ,易,2-1_認識因數
(   )49　顆彈珠要分堆，每堆彈珠一樣多，每堆分成下列幾顆時會剛好分完？　(Ａ)　2　顆　(Ｂ)　3　顆　(Ｃ)　5　顆　(Ｄ)　7　顆。,答案：(Ｄ) 解析：49　的因數：1、7、49 ,易,2-1_認識因數
(   )「57」不可以被下列哪一個數整除？　(Ａ)　1　(Ｂ)　3　(Ｃ)　19　(Ｄ)　114。,答案：(Ｄ) 解析：(Ａ)　57÷1＝57； (Ｂ)　57÷3＝19； (Ｃ)　57÷19＝3； (Ｄ)　57÷114＝0…57 ,中,2-1_認識因數
(   )下列哪一個數只有　2　個因數？　(Ａ)　13　(Ｂ)　14　(Ｃ)　15　(Ｄ)　16。,答案：(Ａ) 解析：(Ａ)　13　的因數：1、13； (Ｂ)　14　的因數：1、2、7、14； (Ｃ)　15　的因數：1、3、5、15； (Ｄ)　16　的因數：1、2、4、8、16 ,中,2-1_認識因數
(   )24　共有幾個因數？　(Ａ)　2　個　(Ｂ)　4　個　(Ｃ)　6　個　(Ｄ)　8　個。,答案：(Ｄ) 解析：24　的因數：1、2、3、4、6、8、12、24 ,易,2-1_認識因數
(   )某數的所有因數中，最大和最小的因數合起來是　15，某數是多少？　(Ａ)　15　(Ｂ)　14　(Ｃ)　12　(Ｄ)　10。,答案：(Ｂ) 解析：(Ａ)　15　的因數：1、3、5、15，15＋1＝16； (Ｂ)　14　的因數：1、2、7、14，14＋1＝15； (Ｃ)　12　的因數：1、2、3、4、6、12，12＋1＝13； (Ｄ)　10　的因數：1、2、5、10，10＋1＝11 ,中,2-1_認識因數
(   )下列何者不是　24　的因數？　(Ａ)　1　(Ｂ)　4　(Ｃ)　12　(Ｄ)　18。,答案：(Ｄ) 解析：24　的因數：1、2、3、4、6、8、12、24 ,易,2-1_認識因數
(   )下面選項中的敘述，何者有誤？　(Ａ)任何數的因數都一定會有　1　(Ｂ)任何數的因數都一定會有它自己　(Ｃ)　12　和　18　都是　120　的因數　(Ｄ)　12　是　24　的因數，12　的因數也一定是　24　的因數。,答案：(Ｃ) 解析：(Ｃ)　18　不是　120　的因數 ,難,2-1_認識因數
(   )24　可以整除下列哪一個數？　(Ａ)　3　(Ｂ)　8　(Ｃ)　12　(Ｄ)　48。,答案：(Ｄ) 解析：(Ａ)　3÷24＝0…3； (Ｂ)　8÷24＝0…8； (Ｃ)　12÷24＝0…12； (Ｄ)　48÷24＝2 ,中,2-1_認識因數
(   )23　可以整除下列哪一個數？　(Ａ)　55　(Ｂ)　43　(Ｃ)　85　(Ｄ)　115。,答案：(Ｄ) 解析：(Ａ)　55÷23＝2…9；(Ｂ)　43÷23＝1…20；(Ｃ)　85÷23＝3…16；(Ｄ)　115÷23＝5 ,難,2-1_認識因數
(   )4　可以整除下列哪一個數？　(Ａ)　90　(Ｂ)　58　(Ｃ)　44　(Ｄ)　38。,答案：(Ｃ) 解析：(Ａ)　90÷4＝22…2；(Ｂ)　58÷4＝14…2；(Ｃ)　44÷4＝11；(Ｄ)　38÷4＝9…2 ,中,2-1_認識因數
(   )9　可以整除下列哪一個數？　(Ａ)　24　(Ｂ)　36　(Ｃ)　48　(Ｄ)　56。,答案：(Ｂ) 解析：(Ａ)　24÷9＝2…6；(Ｂ)　36÷9＝4；(Ｃ)　48÷9＝5…3；(Ｄ)　56÷9＝6…2 ,中,2-1_認識因數
(   )43　可以整除下列哪一個數？　(Ａ)　43　(Ｂ)　58　(Ｃ)　217　(Ｄ)　264。,答案：(Ａ) 解析：(Ａ)　43÷43＝1；(Ｂ)　58÷43＝1…15；(Ｃ)　217÷43＝5…2；(Ｄ)　264÷43＝6…6 ,中,2-1_認識因數
(   )下列哪一個數不是　12　和　18　的公因數？　(Ａ)　1　(Ｂ)　2　(Ｃ)　3　(Ｄ)　4。,答案：(Ｄ) 解析：12　的因數：1、2、3、4、6、12 18　的因數：1、2、3、6、9、18 12　和　18　的公因數：1、2、3、6 ,易,2-2_公因數
(   )下列哪一個數是　15　和　20　的公因數？　(Ａ)　2　(Ｂ)　3　(Ｃ)　4　(Ｄ)　5。,答案：(Ｄ) 解析：15　的因數：1、3、5、15 20　的因數：1、2、4、5、10、20 15　和　20　的公因數：1、5 ,易,2-2_公因數
(   )下列哪一個數是　16　和　27　的公因數？　(Ａ)　1　(Ｂ)　2　(Ｃ)　3　(Ｄ)　4。,答案：(Ａ) 解析：16　的因數：1、2、4、8、16 27　的因數：1、3、9、27 16　和　27　的公因數：1 ,中,2-2_公因數
(   )8　是下列哪一組數的公因數？　(Ａ)　16　和　27　(Ｂ)　80　和　30　(Ｃ)　32　和　24　(Ｄ)　40　和　45。,答案：(Ｃ) 解析：(Ａ)　16　和　27　的公因數：1； (Ｂ)　80　和　30　的公因數：1、2、5、10； (Ｃ)　32　和　24　的公因數：1、2、4、8； (Ｄ)　40　和　45　的公因數：1、5 ,中,2-2_公因數
(   )12　是下列哪一組數的公因數？　(Ａ)　12　和　30　　(Ｂ)　24　和　60　　(Ｃ)　48　和　40　　(Ｄ)　54　和　72。,答案：(Ｂ) 解析：(Ａ)　12　和　30　的公因數：1、2、3、6； (Ｂ)　24　和　60　的公因數：1、2、3、4、6、12； (Ｃ)　48　和　40　的公因數：1、2、4、8； (Ｄ)　54　和　72　的公因數：1、2、3、6、9、18 ,中,2-2_公因數
(   )7　是下列哪一組數的公因數？　(Ａ)　17　和　70　(Ｂ)　21　和　39　(Ｃ)　35　和　56　(Ｄ)　42　和　54。,答案：(Ｃ) 解析：(Ａ)　17　和　70　的公因數：1； (Ｂ)　21　和　39　的公因數：1、3； (Ｃ)　35　和　56　的公因數：1、7； (Ｄ)　42　和　54　的公因數：1、2、3、6 ,中,2-2_公因數
(   )下列哪一個數是　16　和　28　的公因數？　(Ａ)　4　(Ｂ)　5　(Ｃ)　6　(Ｄ)　7。,答案：(Ａ) 解析：16　的因數：1、2、4、8、16 28　的因數：1、2、4、7、14、28 16　和　28　的公因數：1、2、4 ,易,2-2_公因數
(   )有一個數可以整除　36　和　48，這個數可能是下列哪一個數？　(Ａ)　9　(Ｂ)　12　(Ｃ)　16　(Ｄ)　144。,答案：(Ｂ) 解析：36　的因數：1、2、3、4、6、9、12、18、36 48　的因數：1、2、3、4、6、8、12、16、24、48 36　和　48　的公因數：1、2、3、4、6、12 ,中,2-2_公因數
(   )「52÷4＝13」、「60÷4＝15」，由以上兩個算式得知，下列哪一個選項的敘述是正確的？　(Ａ)　52　是　13　的因數　(Ｂ)　15　是　4　的因數　(Ｃ)　4　是　52　和　60　的公因數　(Ｄ)　60　是　4　和　15　的公因數。,答案：(Ｃ) 解析：(Ａ)　13　是　52　的因數； (Ｂ)　15　不是　4　的因數； (Ｄ)　4　和　15　都是　60　的因數。 ,難,2-2_公因數
(   )甲÷乙＝丙，丙又可以被乙整除，若丙＞乙，則甲、乙、丙的公因數是多少？　(Ａ)甲　(Ｂ)乙　(Ｃ)丙　(Ｄ)無法判斷。,答案：(Ｂ) 解析：甲÷乙＝丙→乙是甲的因數， 丙又可以被乙整除，丙＞乙→乙是丙的因數， 甲、乙、丙的公因數是乙 ,難,2-2_公因數
(   )8　是下列哪一組數的公因數？　(Ａ)　12　和　16　(Ｂ)　32　和　48　(Ｃ)　40　和　50　(Ｄ)　64　和　78。,答案：(Ｂ) 解析：(Ａ)　12　和　16　的公因數：1、2、4； (Ｂ)　32　和　48　的公因數：1、2、4、8、16； (Ｃ)　40　和　50　的公因數：1、2、5、10； (Ｄ)　64　和　78　的公因數：1、2 ,易,2-2_公因數
(   )下列哪一數不是　96　和　72　的公因數？　(Ａ)　24　　(Ｂ)　12　　(Ｃ)　9　　(Ｄ)　6。,答案：(Ｃ) 解析：96　和　72　的公因數：1、2、3、4、6、8、12、24 ,易,2-2_公因數
(   )25　和　36　的公因數有幾個？　(Ａ)　1　個　(Ｂ)　2　個　(Ｃ)　4　個　(Ｄ)　6　個。,答案：(Ａ) 解析：25　和　36　的公因數：1 ,易,2-2_公因數
(   )有　20　個男生、25　個女生，男女要混合分隊比賽拔河，每隊的男生人數一樣多，每隊的女生人數也要一樣多，起碼要　2　隊以上才能進行比賽，可以分成幾隊？　(Ａ)　2　隊　(Ｂ)　3　隊　(Ｃ)　5　隊　(Ｄ)　6　隊。,答案：(Ｃ) 解析：20　的因數：1、2、4、5、10、20 25　的因數：1、5、25 20　和　25　的公因數：1、5 起碼要　2　隊以上才能進行比賽，所以是分成　5　隊 ,中,2-2_公因數
(   )兩個整數共同的因數，就叫做這兩個整數的　(Ａ)公因數　(Ｂ)公倍數　(Ｃ)概數　(Ｄ)平均數。,答案：(Ａ) ,易,2-2_公因數
(   )58　和　87　的公因數有幾個？　(Ａ)　1　個　(Ｂ)　2　個　(Ｃ)　3　個　(Ｄ)　4　個。,答案：(Ｂ) 解析：58　的因數：1、2、29、58 87　的因數：1、3、29、87 58　和　87　的公因數：1、29 ,易,2-2_公因數
(   )下面選項中的敘述，何者是正確的？　(Ａ)　11　是　88　和　111　的公因數　(Ｂ)　209　是　11　的因數　(Ｃ)　2　是所有偶數的公因數　(Ｄ)找出所有　6　和　240　的公因數，應該先從　240　的因數中找起較為便利。,答案：(Ｃ) 解析：(Ａ)　11　不是　111　的因數； (Ｂ)　11　是　209　的因數； (Ｄ)從較小的數　6　的因數中找起較為便利 ,難,2-2_公因數
(   )有　35　個男生，49　個女生，男、女要混合分隊玩躲避球，每隊的男生人數要一樣多，每隊的女生人數也要一樣多，起碼要　2　隊以上才能進行比賽，可以分成幾隊？　(Ａ)　2　隊　(Ｂ)　3　隊　(Ｃ)　7　隊　(Ｄ)　6　隊。,答案：(Ｃ) 解析：35　的因數：1、5、7、35 49　的因數：1、7、49 35　和　49　的公因數：1、7 起碼要　2　隊以上才能進行比賽，所以是分成　7　隊 ,中,2-2_公因數
(   )文具店裡，一枝原子筆的售價在　11　元到　20　元之間，小僅和姐姐分別花了　60　元和　75　元買原子筆，一枝原子筆賣多少元？　(Ａ)　11　元　(Ｂ)　12　元　(Ｃ)　14　元　(Ｄ)　15　元。,答案：(Ｄ) 解析：60　的因數：1、2、3、4、5、6、10、12、15、20、30、60 75　的因數：1、3、5、15、25、75 60　和　75　的公因數：1、3、5、15 售價在　11　元到　20　元之間，所以是　15　元 ,中,2-2_公因數
(   )小花用一根筷子量　96　公分和　144　公分的兩條緞帶，都剛好可以量完，這根筷子可能是多少公分？　(Ａ)　15　公分　(Ｂ)　18　公分　(Ｃ)　20　公分　(Ｄ)　48　公分。,答案：(Ｄ) 解析：96　的因數：1、2、3、4、6、8、12、16、24、32、48、96 144　的因數：1、2、3、4、6、8、9、12、16、18、24、36、48、72、144 96　和　144　的公因數：1、2、3、4、6、8、12、16、24、48 ,中,2-2_公因數
(   )下面哪一個數是　30　和　135　的公因數？　(Ａ)　6　(Ｂ)　10　(Ｃ)　15　(Ｄ)　25。,答案：(Ｃ) 解析：(Ａ)　30÷6＝5，135÷6＝22…3； (Ｂ)　30÷10＝3，135÷10＝13…5； (Ｃ)　30÷15＝2，135÷15＝9； (Ｄ)　30÷25＝1…5，135÷25＝5…10 ,中,2-2_公因數
(   )下面哪一個數不是　40　和　160　的公因數？　(Ａ)　10　(Ｂ)　16　(Ｃ)　20　(Ｄ)　40。,答案：(Ｂ) 解析：(Ａ)　40÷10＝4，160÷10＝16； (Ｂ)　40÷16＝2…8，160÷16＝10； (Ｃ)　40÷20＝2，160÷20＝8； (Ｄ)　40÷40＝1，160÷40＝4 ,中,2-2_公因數
(   )下面選項中的敘述，何者是正確的？　(Ａ)　18　是　54　和　64　共同的因數　(Ｂ)　12　的因數有　5　個　(Ｃ)　9　和　36　的最大公因數是　36　(Ｄ)如果某數能整除　18，某數一定是　18　的因數。,答案：(Ｄ) 解析：(Ａ)　54÷18＝3，64÷18＝3　…　10，所以　18　不是　54　和　64　共同的因數； (Ｂ)　12　的因數：1、2、3、4、6、12，共　6　個； (Ｃ)　9　和　36　的最大公因數是　9 ,難,2-3_最大公因數
(   )84　和　96　的最大公因數是多少？　(Ａ)　8　(Ｂ)　12　(Ｃ)　16　(Ｄ)　24。,答案：(Ｂ) 解析：84　和　96　的公因數：1、2、3、4、6、12 ,中,2-3_最大公因數
(   )下列哪一組數的最大公因數最小？　(Ａ)　18　和　30　(Ｂ)　10　和　20　(Ｃ)　36　和　52　(Ｄ)　24　和　32。,答案：(Ｃ) 解析：(Ａ)　18　和　30　的最大公因數是　6； (Ｂ)　10　和　20　的最大公因數是　10； (Ｃ)　36　和　52　的最大公因數是　4； (Ｄ)　24　和　32　的最大公因數是　8 ,中,2-3_最大公因數
(   )已知甲、乙的最大公因數是乙，下列敘述何者正確？　(Ａ)甲是乙的因數　(Ｂ)甲＜乙　(Ｃ)乙是甲的因數　(Ｄ)以上皆非。,答案：(Ｃ) 解析：(Ａ)甲是乙的倍數；(Ｂ)甲＞乙。 ,中,2-3_最大公因數
(   )下列哪一組數的最大公因數是　2？　(Ａ)　26　和　34　(Ｂ)　56　和　72　(Ｃ)　9　和　21　(Ｄ)　10　和　35。,答案：(Ａ) 解析：(Ａ)　26　和　34　的最大公因數是　2； (Ｂ)　56　和　72　的最大公因數是　8； (Ｃ)　9　和　21　的最大公因數是　3； (Ｄ)　10　和　35　的最大公因數是　5 ,中,2-3_最大公因數
(   )下列哪一數是　24　和　18　的最大公因數？　(Ａ)　24　　(Ｂ)　18　　(Ｃ)　12　　(Ｄ)　6。,答案：(Ｄ) 解析：24　和　18　的公因數：1、2、3、6 ,易,2-3_最大公因數
(   )下列哪一組的最大公因數最大？　(Ａ)　26　和　65　(Ｂ)　28　和　42　(Ｃ)　9　和　16　(Ｄ)　121　和　33。,答案：(Ｂ) 解析：(Ａ)　26　和　65　的最大公因數是　13； (Ｂ)　28　和　42　的最大公因數是　14； (Ｃ)　9　和　16　的最大公因數是　1； (Ｄ)　121　和　33　的最大公因數是　11 ,中,2-3_最大公因數
(   )甲數和乙數是連數整數，兩數的最大公因數是多少？　(Ａ)　1　　(Ｂ)甲數　(Ｃ)乙數　(Ｄ)甲數÷乙數。,答案：(Ａ) 解析：甲數和乙數是連數整數，表示甲數、乙數各為奇數（偶數）或偶數（奇數），最大公因數是　1。 ,難,2-3_最大公因數
(   )下列哪一個數是　63　和　84　的最大公因數？　(Ａ)　3　(Ｂ)　4　(Ｃ)　7　(Ｄ)　21。,答案：(Ｄ) 解析：63　和　84　的公因數：1、3、7、21 ,易,2-3_最大公因數
(   )媽媽有　66　個肉粽和　58　個包子，合起來平分給一些朋友，每個人分到的肉粽一樣多，包子也一樣多，最後都剩下　2　個，媽媽最多分給幾個朋友？　(Ａ)　5　個朋友　(Ｂ)　6　個朋友　(Ｃ)　7　個朋友　(Ｄ)　8　個朋友。,答案：(Ｄ) 解析：66－2＝64，58－2＝56 64　和　56　的最大公因數是　8 ,難,2-3_最大公因數
(   )小珍把　44　顆珠子和　88　片塑膠葉片合在一起裝入盒子內，每個盒子的珠子一樣多，每個盒子的塑膠葉片也一樣多，小珍最多有幾個盒子？　(Ａ)　11　個　(Ｂ)　12　個　(Ｃ)　13　個　(Ｄ)　44　個。,答案：(Ｄ) 解析：44　和　88　的最大公因數是　44 ,中,2-3_最大公因數
(   )將長　30　公分、寬　20　公分的長方形紙張剪成相同大小的正方形，且沒有剩下，正方形邊長最大是幾公分？　(Ａ)　600　公分　(Ｂ)　60　公分　(Ｃ)　10　公分　(Ｄ)　5　公分。,答案：(Ｃ) 解析：30　和　20　的最大公因數是　10 ,易,2-3_最大公因數
(   )翰林國小舉辦校外教學，有男生　64　個人、女生　80　個人參加，若全部混合分組，每組的男生一樣多，每組的女生也要一樣多，且全部分完，每組最少有幾個人？　(Ａ)　16　個人　(Ｂ)　9　個人　(Ｃ)　8　個人　(Ｄ)　4　個人。,答案：(Ｂ) 解析：64　和　80　的最大公因數是　16 最多可分成　16　組 64÷16＝4，80÷16＝5，4＋5＝9 ,難,2-3_最大公因數
(   )把　100　張色紙、80　張西卡紙分給小朋友，每位所分到的色紙張數相同，每位所分到的西卡紙張數也相同，最多可分給幾位小朋友？　(Ａ)　7　位　(Ｂ)　13　位　(Ｃ)　20　位　(Ｄ)　40　位。,答案：(Ｃ) 解析：最多的人數是　100　和　80　的最大公因數　20 ,易,2-3_最大公因數
(   )把一張長和寬分別是　270　毫米、198　毫米的長方形壁報紙，剪成數個相同大小的正方形且全部剪完，正方形邊長最大是幾毫米？　(Ａ)　6　毫米　(Ｂ)　9　毫米　(Ｃ)　18　毫米　(Ｄ)　27　毫米。,答案：(Ｃ) 解析：正方形最大的邊長是　270　和　198　的最大公因數　18 ,難,2-3_最大公因數
(   )下列哪一組數的最大公因數是　6　的倍數？　(Ａ)　49　和　52　(Ｂ)　64　和　80　(Ｃ)　28　和　32　(Ｄ)　48　和　60。,答案：(Ｄ) 解析：(Ａ)　49　和　52　的最大公因數是　1； (Ｂ)　64　和　80　的最大公因數是　16； (Ｃ)　28　和　32　的最大公因數是　4； (Ｄ)　48　和　60　的最大公因數是　12 其中　12　是　6　的倍數 ,中,3-1_認識倍數
(   )下列哪一個數不是　11　的倍數？　(Ａ)　11　(Ｂ)　44　(Ｃ)　111　(Ｄ)　121。,答案：(Ｃ) 解析：(Ａ)　11÷11＝1； (Ｂ)　44÷11＝4； (Ｃ)　111÷11＝10…1； (Ｄ)　121÷11＝11 ,易,3-1_認識倍數
(   )下列哪一個數是　25　的倍數？　(Ａ)　40　(Ｂ)　50　(Ｃ)　60　(Ｄ)　65。,答案：(Ｂ) 解析：(Ａ)　40÷25＝1…15； (Ｂ)　50÷25＝2； (Ｃ)　60÷25＝2…10； (Ｄ)　65÷25＝2…15 ,易,3-1_認識倍數
(   )下列哪一個數不是　18　的倍數？　(Ａ)　76　(Ｂ)　90　(Ｃ)　108　(Ｄ)　180。,答案：(Ａ) 解析：(Ａ)　76÷18＝4…4； (Ｂ)　90÷18＝5； (Ｃ)　108÷18＝6； (Ｄ)　180÷18＝10 ,易,3-1_認識倍數
(   )甲、乙、丙三個數都是整數，而且乙＝甲×丙，丙÷甲＝3，下列敘述何者錯誤？　(Ａ)乙是甲的倍數　(Ｂ)丙是乙的因數　(Ｃ)甲是乙的因數　(Ｄ)甲是丙的倍數。,答案：(Ｄ) 解析：(Ｄ)甲是丙的因數。 ,難,3-1_認識倍數
(   )已知　84÷12＝7，下列敘述何者錯誤？　(Ａ)　12　是　84　的因數　(Ｂ)　7　是　12　的因數　(Ｃ)　7　是　84　的因數　(Ｄ)　84　是　7　的倍數。,答案：(Ｂ) 解析：(Ｂ)　7　是　84　的因數。 ,中,3-1_認識倍數
(   )A、B、C　都是整數，且　A×B＝C，可知下列哪一個敘述正確？　(Ａ)　C　是　A　的因數　(Ｂ)　A　和　B　的公因數是　C　(Ｃ)　C　是　B　的倍數　(Ｄ)　C　是　B　的因數。,答案：(Ｃ) 解析：(Ａ)　C　是　A　的倍數； (Ｂ)　A　和　B　都是　C　的因數； (Ｄ)　C　是　B　的倍數 ,中,3-1_認識倍數
(   )100　的最小倍數和最大因數相差多少？　(Ａ)　0　(Ｂ)　1　(Ｃ)　10　(Ｄ)　100。,答案：(Ａ) 解析：100　的倍數：100、200、300、…… 100　的因數：1、2、4、5、10、20、25、50、100 100　的最小倍數是　100，100　的最大因數是　100 100－100＝0 ,中,3-1_認識倍數
(   )有一個數在　80～90　之間，又是　14　的倍數，這個數是多少？　(Ａ)　88　(Ｂ)　86　(Ｃ)　84　(Ｄ)　82。,答案：(Ｃ) 解析：80÷14＝5…10，90÷14＝6…6，14×6＝84 ,中,3-1_認識倍數
(   )二位數中，8　的倍數有幾個？　(Ａ)　12　個　(Ｂ)　11　個　(Ｃ)　10　個　(Ｄ)　9　個。,答案：(Ｂ) 解析：10÷8＝1…2，99÷8＝12…3，12－1＝11 ,中,3-1_認識倍數
(   )下列哪一個不是　11　的倍數？　(Ａ)　6303　(Ｂ)　8030　(Ｃ)　111　(Ｄ)　264。,答案：(Ｃ) 解析：(Ａ)　6303÷11＝573； (Ｂ)　8030÷11＝730； (Ｃ)　111÷11＝10…1； (Ｄ)　264÷11＝24 ,中,3-1_認識倍數
(   )小螞蟻丁丁每天都搬　3　粒米回蟻穴儲存，5　個星期牠共儲存了　105　粒米。下面哪一個選項是正確的？　(Ａ)　105　不是　7　的倍數　(Ｂ)　105　不是　3　的倍數　(Ｃ)　105　不是　5　的倍數　(Ｄ)　105　是　5、3　和　7　共同的倍數。,答案：(Ｄ) 解析：105＝1×105＝3×35＝5×21＝7×15 ,難,3-1_認識倍數
(   )圖書室有　1～50　依序編號的櫃子，編號是　5　的倍數的櫃子先給老師使用；剩下的櫃子中，編號是　6　的倍數的櫃子給學生使用。小名是行政人員，他使用的櫃子是最後剩下的櫃子，由最後面開始往前數第　3　個櫃子，這個櫃子的編號是幾號？　(Ａ)　43　號　(Ｂ)　44　號　(Ｃ)　46　號　(Ｄ)　47　號。,答案：(Ｃ) 解析：5　的倍數：5、10、15、20、25、30、35、40、45、50 6　的倍數：6、12、18、24、30（已使用）、36、42、48 扣掉　5　的倍數和　6　的倍數，倒數第　3　個數字為　49、47、46 ,中,3-1_認識倍數
(   )下列何者是　3　的倍數？　(Ａ)　112　(Ｂ)　313　(Ｃ)　114　(Ｄ)　125。,答案：(Ｃ) 解析：把一個整數的每位數字相加後，再除以　3，如果可以整除，這個整數就是　3　的倍數。 ,中,3-2_判別2、3、5、10的倍數
(   )下列何者是　2　的倍數？　(Ａ)　29　(Ｂ)　37　(Ｃ)　141　(Ｄ)　50。,答案：(Ｄ) 解析：個位數是　0、2、4、6、8　的整數是偶數，是　2　的倍數。 ,易,3-2_判別2、3、5、10的倍數
(   )下列何者是　5　的倍數？　(Ａ)　95　　(Ｂ)　732　　(Ｃ)　401　　(Ｄ)　59。,答案：(Ａ) 解析：個位數是　0　或　5　的整數都是　5　的倍數。 ,易,3-2_判別2、3、5、10的倍數
(   )下列何者是　10　的倍數？　(Ａ)　501　(Ｂ)　1000　(Ｃ)　307　(Ｄ)　1001。,答案：(Ｂ) 解析：個位數是　0　的整數都是　10　的倍數。 ,易,3-2_判別2、3、5、10的倍數
(   )下列何者同時是　3　和　10　的倍數？　(Ａ)　500　(Ｂ)　210　(Ｃ)　309　(Ｄ)　111。,答案：(Ｂ) 解析：把一個整數的每位數字相加後，再除以　3，如果可以整除，這個整數就是　3　的倍數； 個位數是　0　的整數都是　10　的倍數。 ,中,3-2_判別2、3、5、10的倍數
(   )下列何者同時是　2　和　3　的倍數？　(Ａ)　2030　(Ｂ)　651　(Ｃ)　222　(Ｄ)　980。,答案：(Ｃ) 解析：個位數是　0、2、4、6、8　的整數，是　2　的倍數。2030、222、980　符合條件，其中　222　的每位數字相加後是　6，是　3　的倍數。 ,中,3-2_判別2、3、5、10的倍數
(   )下列何者同時是　3　和　5　的倍數？　(Ａ)　351　(Ｂ)　205　(Ｃ)　125　(Ｄ)　780。,答案：(Ｄ) 解析：把一個整數的每位數字相加後，再除以　3，如果可以整除，這個整數就是　3　的倍數； 個位數是　0　或　5　的整數都是　5　的倍數。 ,中,3-2_判別2、3、5、10的倍數
(   )三位數　77□，是偶數也是　5　的倍數，□中的數字是多少？　(Ａ)　2　(Ｂ)　5　(Ｃ)　8　(Ｄ)　0。,答案：(Ｄ) 解析：是偶數也是　5　的倍數，也就是　10　的倍數，表示個位數是　0。 ,中,3-2_判別2、3、5、10的倍數
(   )下列哪一個數是奇數，也可以被　3　整除？　(Ａ)　1111　(Ｂ)　2436　(Ｃ)　9187　(Ｄ)　5565。,答案：(Ｄ) 解析：個位數是　1、3、5、7、9　的整數是奇數，不是　2　的倍數；把一個整數的每位數字相加後，再除以　3，如果可以整除，這個整數就是　3　的倍數。 ,中,3-2_判別2、3、5、10的倍數
(   )五位數　86□2□是　3　的倍數，□中的數都一樣，□中可以填入下列哪一個數字？　(Ａ)　0　(Ｂ)　1　(Ｃ)　2　(Ｄ)　3。,答案：(Ｂ) 解析：8＋6＋2＝16，18－16＝2，□中可以填入　1。 ,難,3-2_判別2、3、5、10的倍數
(   )「55809、41890、3005、8281、37005、41235」，上面共有幾個數是　5　的倍數？　(Ａ)　1　個　(Ｂ)　2　個　(Ｃ)　3　個　(Ｄ)　4　個。,答案：(Ｄ) 解析：個位數是　0　或　5　的整數都是　5　的倍數。 ,中,3-2_判別2、3、5、10的倍數
(   )下列哪一個數是　3　的倍數？　(Ａ)　91　(Ｂ)　133　(Ｃ)　207　(Ｄ)　436。,答案：(Ｃ) 解析：把一個整數的每位數字相加後，再除以　3，如果可以整除，這個整數就是　3　的倍數。 ,易,3-2_判別2、3、5、10的倍數
(   )下列哪一個數是　2　的倍數，也是　5　的倍數？　(Ａ)　725　(Ｂ)　614　(Ｃ)　1005　(Ｄ)　370。,答案：(Ｄ) 解析：是　2　的倍數，也是　5　的倍數，也就是　10　的倍數，代表個位數是　0。 ,易,3-2_判別2、3、5、10的倍數
(   )姐妹三個人要平分香香脆薯，媽媽要準備幾根香香脆薯，平分時才能剛好分完？　(Ａ)　127　根　(Ｂ)　156　根　(Ｃ)　163　根　(Ｄ)　181　根。,答案：(Ｂ) 解析：把一個整數的每位數字相加後，再除以　3，如果可以整除，這個整數就是　3　的倍數。 ,中,3-2_判別2、3、5、10的倍數
(   )52□是一個三位數，□裡可以填入下面哪一個數字，這個三位數才是　2　的倍數？　(Ａ)　1　(Ｂ)　2　(Ｃ)　3　(Ｄ)　5。,答案：(Ｂ) 解析：個位數是　0、2、4、6、8　的整數是偶數，是　2　的倍數。 ,易,3-2_判別2、3、5、10的倍數
(   )789□是一個四位數，□裡可以填入下面哪一個數字，這個四位數才是　2　的倍數？　(Ａ)　1　(Ｂ)　3　(Ｃ)　5　(Ｄ)　8。,答案：(Ｄ) 解析：個位數是　0、2、4、6、8　的整數是偶數，是　2　的倍數。 ,易,3-2_判別2、3、5、10的倍數
(   )57□是一個三位數，□裡可以填入下面哪一個數字，這個三位數才是　2　和　3　的倍數？　(Ａ)　0　(Ｂ)　1　(Ｃ)　2　(Ｄ)　4。,答案：(Ａ) 解析：2　的倍數：個位數字是偶數，□＝0、2、4、6、8 3　的倍數：各位值的數字相加後和是　3　的倍數，5＋7＋0＝12，□＝0、3、6、9 符合　2　和　3　的倍數：0、6。 ,中,3-2_判別2、3、5、10的倍數
(   )777□是一個四位數，□裡可以填入下面哪一個數字，這個三位數才是　10　的倍數？　(Ａ)　1　(Ｂ)　3　(Ｃ)　5　(Ｄ)　0。,答案：(Ｄ) 解析：個位數是　0　的整數都是　10　的倍數。 ,易,3-2_判別2、3、5、10的倍數
(   )下列哪一個數是　12　和　9　的公倍數？　(Ａ)　24　　(Ｂ)　36　　(Ｃ)　54　　(Ｄ)　76。,答案：(Ｂ) 解析：12　和　9　的公倍數：36、72、…… ,易,3-3_公倍數
(   )4　和　7　是　28　的因數，28　是　4　和　7　的什麼數？　(Ａ)因數　(Ｂ)偶數　(Ｃ)公因數　(Ｄ)公倍數。,答案：(Ｄ) ,易,3-3_公倍數
(   )在　30～50　之間，4　和　6　的公倍數共有多少個？　(Ａ)　2　個　(Ｂ)　3　個　(Ｃ)　4　個　(Ｄ)　5　個。,答案：(Ａ) 解析：在　30～50　之間，4　和　6　的公倍數：36、48 ,中,3-3_公倍數
(   )在　101　以內，公倍數數量最少的是下列哪一組數？　(Ａ)　6　和　14　(Ｂ)　5　和10　　(Ｃ)　13　和7　　(Ｄ)　11　和　33。,答案：(Ｃ) 解析：在　101　以內，(Ａ)　6　和　14　的公倍數：42、84； (Ｂ)　5　和　10　的公倍數：10、20、30、40、50、60、70、80、90、100； (Ｃ)　13　和　7　的公倍數：91； (Ｄ)　11　和　33　的公倍數：33、66、99 ,中,3-3_公倍數
(   )128　是下列哪一組數的公倍數？　(Ａ)　12　和　8　(Ｂ)　82　和　21　(Ｃ)　16　和　64　(Ｄ)　32　和　28。,答案：(Ｃ) 解析：(Ａ)　12　和　8　的公倍數：24、48、72、96、120、144、……； (Ｂ)　82　和　21　的公倍數：1722、……； (Ｃ)　16　和　64　的公倍數：64、128、……； (Ｄ)　32　和　28　的公倍數：224、…… ,中,3-3_公倍數
(   )下列哪一數是　15　和　24　的公倍數？　(Ａ)　90　　(Ｂ)　120　　(Ｃ)　150　　(Ｄ)　210。,答案：(Ｂ) 解析：15　和　24　的公倍數：120、240、…… ,易,3-3_公倍數
(   )100　以內，4　和　6　的公倍數共有幾個？　(Ａ)　4　個　(Ｂ)　6　個　(Ｃ)　8　個　(Ｄ)　10　個。,答案：(Ｃ) 解析：100　以內，4　和　6　的公倍數：12、24、36、48、60、72、84、96 ,易,3-3_公倍數
(   )五年一班學生人數不到　20　人，老師將班上學生分組玩遊戲，每　6　人分　1　組，或每　9　人分　1　組，都剛好可以分完，班上學生有幾人？　(Ａ)　12　人　(Ｂ)　18　人　(Ｃ)　14　人　(Ｄ)　17　人。,答案：(Ｂ) 解析：6　和　9　的公倍數：18、36、…… ,易,3-3_公倍數
(   )18　和　26　的最小公倍數是多少？　(Ａ)　234　(Ｂ)　198　(Ｃ)　208　(Ｄ)　286。,答案：(Ａ) 解析：18　和　26　的公倍數：234、468、702、…… ,中,3-4_最小公倍數
(   )24　是下列哪一組數的最小公倍數？　(Ａ)　6　和　16　(Ｂ)　3　和　12　(Ｃ)　4　和　9　(Ｄ)　8　和　12。,答案：(Ｄ) 解析：(Ａ)　6　和　16　的最小公倍數是　48； (Ｂ)　3　和　12　的最小公倍數是　12； (Ｃ)　4　和　9　的最小公倍數是　36； (Ｄ)　8　和　12　的最小公倍數是　24 ,中,3-4_最小公倍數
(   )甲和　21　的最小公倍數是　42，甲是多少？　(Ａ)　3　(Ｂ)　6　(Ｃ)　8　(Ｄ)　9。,答案：(Ｂ) 解析：(Ａ)　3　和　21　的最小公倍數是　21； (Ｂ)　6　和　21　的最小公倍數是　42； (Ｃ)　8　和　21　的最小公倍數是　168； (Ｄ)　9　和　21　的最小公倍數是　63 ,中,3-4_最小公倍數
(   )24　和　36　的最大公因數與最小公倍數相差多少？　(Ａ)　56　(Ｂ)　60　(Ｃ)　66　(Ｄ)　72。,答案：(Ｂ) 解析：24　和　36　的最大公因數是　12 24　和　36　的最小公倍數是　72 72－12＝60 ,中,3-4_最小公倍數
(   )甲和乙的最大公因數是　1，最小公倍數是多少？　(Ａ)甲＋乙　(Ｂ)甲－乙　(Ｃ)甲×乙　(Ｄ)甲÷乙。,答案：(Ｃ) 解析：甲和乙的最大公因數是　1，最小公倍數是甲、乙兩數的積。 ,難,3-4_最小公倍數
(   )72　是下列哪一組數的最小公倍數？　(Ａ)　12　和　8　(Ｂ)　30　和　24　(Ｃ)　24　和　36　(Ｄ)　36　和　48。,答案：(Ｃ) 解析：(Ａ)　12　和　8　的最小公倍數是　24； (Ｂ)　30　和　24　的最小公倍數是　120； (Ｃ)　24　和　36　的最小公倍數是　72； (Ｄ)　36　和　48　的最小公倍數是　144 ,中,3-4_最小公倍數
(   )20　和　30　的最小公倍數是多少？　(Ａ)　60　(Ｂ)　120　(Ｃ)　180　(Ｄ)　600。,答案：(Ａ) 解析：20　和　30　的公倍數：60、120、180、…… ,易,3-4_最小公倍數
(   )下列哪一組數的最小公倍數是兩數的積？　(Ａ)　15　和　24　　(Ｂ)　26　和　91　　(Ｃ)　18　和　99　　(Ｄ)　35　和　27。,答案：(Ｄ) 解析：甲和乙的最大公因數是　1，最小公倍數是甲、乙兩數的積。 (Ａ)　15　和　24　的最大公因數是　3； (Ｂ)　26　和　91　的最大公因數是　13； (Ｃ)　18　和　99　的最大公因數是　9； (Ｄ)　35　和　27　的最大公因數是　1 ,難,3-4_最小公倍數
(   )甲、乙兩數，甲數是乙數的因數，甲、乙兩數的最小公倍數是多少？　(Ａ)甲數×乙數　(Ｂ)甲數　(Ｃ)乙數　(Ｄ)甲數＋乙數。,答案：(Ｃ) ,中,3-4_最小公倍數
(   )下列哪一組數的最小公倍數最大？　(Ａ)　12　和　15　(Ｂ)　14　和　21　(Ｃ)　7　和　9　(Ｄ)　10　和　25。,答案：(Ｃ) 解析：(Ａ)　12　和　15　的最小公倍數是　60； (Ｂ)　14　和　21　的最小公倍數是　42； (Ｃ)　7　和　9　的最小公倍數是　63； (Ｄ)　10　和　25　的最小公倍數是　50 ,中,3-4_最小公倍數
(   )下列哪一組數的最小公倍數是介於　60～80　之間？　(Ａ)　21　和　28　(Ｂ)　24　和　36　(Ｃ)　25　和　40　(Ｄ)　52　和　39。,答案：(Ｂ) 解析：(Ａ)　21　和　28　的最小公倍數是　84； (Ｂ)　24　和　36　的最小公倍數是　72； (Ｃ)　25　和　40　的最小公倍數是　200； (Ｄ)　52　和　39　的最小公倍數是　156 ,中,3-4_最小公倍數
(   )4　和　12　的最小公倍數和下列哪一組數的最小公倍數相同？　(Ａ)　5　和　12　(Ｂ)　7　和　12　(Ｃ)　8　和　12　(Ｄ)　12　和　3。,答案：(Ｄ) 解析：4　和　12　的最小公倍數是　12 (Ａ)　5　和　12　的最小公倍數是　60； (Ｂ)　7　和　12　的最小公倍數是　84； (Ｃ)　8　和　12　的最小公倍數是　24； (Ｄ)　12　和　3　的最小公倍數是　12 ,中,3-4_最小公倍數
(   )在一條道路旁，每　15　公尺架設一個告示牌，每　24　公尺放一個垃圾桶，已知道路的起點有告示牌和垃圾桶，下一個同時有告示牌和垃圾桶的地方是距離起點幾公尺處？　(Ａ)　120　公尺　(Ｂ)　150　公尺　(Ｃ)　180　公尺　(Ｄ)　210　公尺。,答案：(Ａ) 解析：15　和　24　的最小公倍數是　120 ,難,3-4_最小公倍數
(   )哥哥每　3　天回家一次，弟弟每　5　天回家一次。今天兩人同時回家，最快幾天後兩人又會同時回家？　(Ａ)　15　天　(Ｂ)　18　天　(Ｃ)　24　天　(Ｄ)　30　天。,答案：(Ａ) 解析：3　和　5　的最小公倍數是　15 ,易,3-4_最小公倍數
(   )有一包糖果，每　9　顆一數或每　12　顆一數，都剛好可以數完，這包糖果最少有幾顆？　(Ａ)　18　顆　(Ｂ)　24　顆　(Ｃ)　36　顆　(Ｄ)　48　顆。,答案：(Ｃ) 解析：9　和　12　的最小公倍數是　36 ,易,3-4_最小公倍數
(   )一盒迴紋針平分給　15　組男生或　20　組女生，都剛好可以分完，這盒迴紋針最少有幾根？　(Ａ)　60　根　(Ｂ)　40　根　(Ｃ)　30　根　(Ｄ)　10　根。,答案：(Ａ) 解析：15　和　20　的最小公倍數是　60 ,易,3-4_最小公倍數
(   )有兩個齒輪，分別為　48　齒和　96　齒，兩齒輪各轉多少齒時，原本相銜接的齒，會再一次相合？　(Ａ)　12　齒　(Ｂ)　24　齒　(Ｃ)　48　齒　(Ｄ)　96　齒。,答案：(Ｄ) 解析：48　和　96　的最小公倍數是　96 ,易,3-4_最小公倍數
(   )有一個數在　500　以內，能被　27　和　45　整除，此數不可能是下列哪一個？　(Ａ)　135　(Ｂ)　270　(Ｃ)　360　(Ｄ)　405。,答案：(Ｃ) 解析：27　和　45　的最小公倍數是　135 在　500　以內，27　和　45　的公倍數：135、270、405 ,中,3-4_最小公倍數
(   )下列哪一組邊長可以排出一個三角形？　(Ａ)　12cm，33cm，20cm　(Ｂ)　28cm，12cm，37cm　(Ｃ)　43cm，26cm，11cm　(Ｄ)　55cm，38cm，96cm。,答案：(Ｂ) 解析：三角形任意兩邊長度的和大於第三邊的長度。 (Ａ)　12＋20＝32，32＜33； (Ｂ)　28＋12＝40，40＞37； (Ｃ)　26＋11＝37，37＜43； (Ｄ)　55＋38＝93，93＜96 ,易,4-1_三角形的邊長關係
(   )兩根塑膠管分別長　56　公分和　37　公分，下列哪一根塑膠管不能和其他兩根組成一個三角形？　(Ａ)　20　公分　(Ｂ)　92　公分　(Ｃ)　12　公分　(Ｄ)　25　公分。,答案：(Ｃ) 解析：三角形任意兩邊長度的和大於第三邊的長度。 (Ａ)　37＋20＝57，57＞56； (Ｂ)　56＋37＝93，92＜93； (Ｃ)　37＋12＝49，49＜56； (Ｄ)　37＋25＝62，56＜62 ,中,4-1_三角形的邊長關係
(   )一個三角形的周長是　63cm，且其中一邊的長度是　18cm，另外兩邊的長度可能是下列哪一組長度？　(Ａ)　35cm、10cm　(Ｂ)　14cm、32cm　(Ｃ)　40cm、25cm　(Ｄ)　25cm、20cm。,答案：(Ｄ) 解析：三角形任意兩邊長度的和大於第三邊的長度。 63－18＝45，另外兩邊的長度和為　45　公分 (Ａ)　35＋10＝45，18＋10＝28，35＞28； (Ｂ)　14＋32＝46； (Ｃ)　40＋25＝65； (Ｄ)　25＋20＝45，20＋18＝38，25＜38 ,中,4-1_三角形的邊長關係
(   )一個三角形兩邊長分別為　11cm　和　23cm，第三邊的長不可能是下列哪一個？　(Ａ)　18cm　　(Ｂ)　20cm　　(Ｃ)　12cm　　(Ｄ)　24cm。,答案：(Ｃ) 解析：三角形任意兩邊長度的和大於第三邊的長度。 (Ａ)　11＋18＝29，29＞23； (Ｂ)　11＋20＝31，31＞23； (Ｃ)　11＋12＝23，23＝23； (Ｄ)　11＋23＝34，24＜34 ,易,4-1_三角形的邊長關係
(   )三角形中任意□會大於第三邊，□中應填　(Ａ)兩邊和　(Ｂ)兩邊差　(Ｃ)三邊和　(Ｄ)三角和。,答案：(Ａ) ,易,4-1_三角形的邊長關係
(   )有　4　根竹籤，長度分別為　4　公分、6　公分、10　公分、15　公分。下列哪一組竹籤可以排成一個三角形？　(Ａ)　4　公分、6　公分、10　公分　(Ｂ)　4　公分、10　公分、15　公分　(Ｃ)　6　公分、10　公分、15　公分　(Ｄ)　4　公分、6　公分、15　公分。,答案：(Ｃ) 解析：三角形任意兩邊長度的和大於第三邊的長度。 (Ａ)　4＋6＝10，10＝10； (Ｂ)　4＋10＝14，14＜15； (Ｃ)　6＋10＝16，16＞15； (Ｄ)　4＋6＝10，10＜15 ,中,4-1_三角形的邊長關係
(   )下列哪一組竹籤不可以排成一個三角形？　(Ａ)　4.5　公分、8.4　公分、10.7　公分　(Ｂ)　4.5　公分、10.7　公分、16　公分　(Ｃ)　8.4　公分、10.7　公分、16　公分　(Ｄ)　4.7　公分、8.4　公分、10.6　公分。,答案：(Ｂ) 解析：三角形任意兩邊長度的和大於第三邊的長度。 (Ａ)　4.5＋8.4＝12.9，12.9＞10.7； (Ｂ)　4.5＋10.7＝15.2，15.2＜16； (Ｃ)　8.4＋10.7＝19.1，19.1＞16； (Ｄ)　4.7＋8.4＝13.1，13.1＞10.6 ,中,4-1_三角形的邊長關係
(   )下列哪一組竹籤可以排成一個三角形？　(Ａ)　2　公分、5　公分、7　公分　(Ｂ)　5　公分、7　公分、11　公分　(Ｃ)　7　公分、11　公分、2　公分　(Ｄ)　11　公分、5　公分、2　公分。,答案：(Ｂ) 解析：三角形任意兩邊長度的和大於第三邊的長度。 (Ａ)　2＋5＝7，7＝7； (Ｂ)　5＋7＝12，12＞11； (Ｃ)　7＋2＝9，9＜11； (Ｄ)　5＋2＝7，7＜11 ,中,4-1_三角形的邊長關係
(   )有一個等腰三角形的頂角是　128　度，一個底角是幾度？　(Ａ)　26　度　(Ｂ)　30　度　(Ｃ)　34　度　(Ｄ)　36　度。,答案：(Ａ) 解析：180°－128°＝52°，52°÷2＝26° ,中,4-2_三角形的內角和是180度
(   )任何一個三角形的內角和是幾度？　(Ａ)　90　度　(Ｂ)　180　度　(Ｃ)　270　度　(Ｄ)　360　度。,答案：(Ｂ) ,易,4-2_三角形的內角和是180度
(   )等腰直角三角形的一個底角是幾度？　(Ａ)　30　度　(Ｂ)　45　度　(Ｃ)　60　度　(Ｄ)　90　度。,答案：(Ｂ) 解析：等腰直角三角形中，頂角是　90　度，底角各是　45　度。 ,易,4-2_三角形的內角和是180度
(   )頂角　40　度的等腰三角形，一個底角是幾度？　(Ａ)　100　度　(Ｂ)　80　度　(Ｃ)　70　度　(Ｄ)　40　度。,答案：(Ｃ) 解析：180°－40°＝140°，140°÷2＝70° ,中,4-2_三角形的內角和是180度
(   )等腰直角三角形的頂角是幾度？　(Ａ)　30　度　(Ｂ)　45　度　(Ｃ)　60　度　(Ｄ)　90　度。,答案：(Ｄ) 解析：等腰直角三角形中，頂角是　90　度，底角各是　45　度。 ,易,4-2_三角形的內角和是180度
(   )十二邊形總共有幾個角？　(Ａ)　8　個　(Ｂ)　10　個　(Ｃ)　12　個　(Ｄ)　24　個。,答案：(Ｃ) 解析：一個多邊形的邊數和角數一樣多。 ,易,4-3_認識多邊形
(   )下列關於「多邊形」的敘述，何者正確？　(Ａ)多邊形不包含三角形　(Ｂ)一個多邊形的邊數是角數的　2　倍　(Ｃ)一個多邊形的內角和一定是　180　度　(Ｄ)一個多邊形的邊數和角數一樣多。,答案：(Ｄ) 解析：(Ａ)多邊形包含三角形； (Ｂ)一個多邊形的邊數和角數一樣多； (Ｃ)一個三角形的內角和一定是　180　度。 ,中,4-3_認識多邊形
(   )下列哪一個形狀不是多邊形？　(Ａ)三角形　(Ｂ)五邊形　(Ｃ)十邊形　(Ｄ)圓形。,答案：(Ｄ) 解析：三個邊以上圍成的圖形，叫做多邊形。 ,易,4-3_認識多邊形
(   )下列關於正多邊形的敘述，哪一個是錯誤的？　(Ａ)所有四個邊等長的四邊形都是正方形　(Ｂ)正五邊形的五個角都一樣大　(Ｃ)正八邊形的八個邊等長　(Ｄ)正三角形每個角都是　60　度。,答案：(Ａ) 解析：(Ａ)所有四個邊等長、四個角相等的四邊形都是正方形。 ,中,4-4_正多邊形
(   )下列哪一個是正多邊形？　(Ａ)直角三角形　(Ｂ)長方形　(Ｃ)等腰三角形　(Ｄ)正方形。,答案：(Ｄ) 解析：多邊形的各邊相等，各角也相等，叫做正多邊形。 ,易,4-4_正多邊形
(   )下列關於正多邊形的敘述，何者正確？　(Ａ)四個邊等長的四邊形就是正方形　(Ｂ)四個角相等的四邊形就是正方形　(Ｃ)三邊等長的三角形就是正三角形　(Ｄ)以上皆正確。,答案：(Ｃ) 解析：(Ａ)(Ｂ)四個邊等長、四個角相等的四邊形就是正方形。 ,中,4-4_正多邊形
(   )下面哪一個四邊形的　4　個邊等長、4　個角相等？　(Ａ)正方形　(Ｂ)長方形　(Ｃ)菱形　(Ｄ)平行四邊形。,答案：(Ａ) 解析：(Ｂ)長方形的對邊等長、4　個角相等； (Ｃ)菱形的　4　個邊等長、有　2　組相等的對角； (Ｄ)平行四邊形的對邊等長、對角相等。 ,易,4-4_正多邊形
(   )下面哪一個四邊形的　4　個邊等長、2　組對角相等？　(Ａ)長方形　(Ｂ)平行四邊形　(Ｃ)菱形　(Ｄ)梯形。,答案：(Ｃ) 解析：(Ａ)長方形的對邊等長、4　個角相等； (Ｂ)平行四邊形的對邊等長、對角相等； (Ｃ)菱形的　4　個邊等長、有　2　組相等的對角； (Ｄ)梯形的一組對邊互相平行、4　個角不一定相等。 ,易,4-4_正多邊形
(   )下面哪一個四邊形的　4　個角相等、對邊等長？　(Ａ)梯形　(Ｂ)長方形　(Ｃ)平行四邊形　(Ｄ)菱形。,答案：(Ｂ) 解析：(Ａ)梯形的　4　個角不一定相等、對邊不一定等長； (Ｂ)長方形的對邊等長、4　個角相等； (Ｃ)平行四邊形的對角相等、對邊等長； (Ｄ)菱形的　4　個邊等長、有　2　組相等的對角。 ,易,4-4_正多邊形
(   )下面哪一個圖形卡不能無縫隙的拼在一起？　(Ａ)正方形　(Ｂ)正五邊形　(Ｃ)正三角形　(Ｄ)正六邊形。,答案：(Ｂ) 解析：能無縫隙的拼在一起的有正三角形（每個內角是　60　度）、正方形（每個內角是　90　度）和正六邊形（每個內角是　120　度）。 ,中,4-4_正多邊形
(   )下面哪一個圖形卡可以無縫隙的拼在一起？　(Ａ)正方形　(Ｂ)正五邊形　(Ｃ)正七邊形　(Ｄ)正八邊形。,答案：(Ａ) 解析：能無縫隙的拼在一起的有正三角形（每個內角是　60　度）、正方形（每個內角是　90　度）和正六邊形（每個內角是　120　度）。 ,中,4-4_正多邊形
(   )有一個1/15圓的扇形，圓心角是幾度？　(Ａ)　72　度　(Ｂ)　48　度　(Ｃ)　24　度　(Ｄ)　12　度。,答案：(Ｃ) 解析：360°÷15＝24° ,中,4-5_扇形與圓心角
(   )有一個扇形的圓心角是　120　度，這個扇形是幾分之幾圓？　(Ａ)2/3圓　(Ｂ)1/2圓　(Ｃ)1/3圓　(Ｄ)1/4圓。,答案：(Ｃ) 解析：120°÷360°＝1/3 ,中,4-5_扇形與圓心角
(   )一個圓中，兩條半徑及其所夾的圓弧所圍成的圖形是什麼？　(Ａ)圓周角　(Ｂ)圓周　(Ｃ)圓心角　(Ｄ)扇形。,答案：(Ｄ) ,易,4-5_扇形與圓心角
(   )下列哪一個扇形的圓心角最大？　(Ａ)9/10圓的扇形　(Ｂ)11/15圓的扇形　(Ｃ)3/4圓的扇形　(Ｄ)29/36圓的扇形。,答案：(Ａ) 解析：(Ａ)　360°÷10×9＝324°；(Ｂ)　360°÷15×11＝264°； (Ｃ)　360°÷4×3＝270°；(Ｄ)　360°÷36×29＝290° ,難,4-5_扇形與圓心角
(   )一個圓可以切成幾個圓心角　90　度的扇形？　(Ａ)　4　個　(Ｂ)　3　個　(Ｃ)　2　個　(Ｄ)　1　個。,答案：(Ａ) 解析：360°÷90°＝4 ,易,4-5_扇形與圓心角
(   )一個圓平分成　8　個相同大小的扇形，每個扇形的圓心角是幾度？　(Ａ)　80　度　(Ｂ)　60　度　(Ｃ)　45　度　(Ｄ)　30　度。,答案：(Ｃ) 解析：360°÷8＝45° ,中,4-5_扇形與圓心角
(   )把一張圓形的色紙對摺三次後，所得的扇形為　(Ａ)半圓　(Ｂ)1/3圓　(Ｃ)1/4圓　(Ｄ)1/8圓。,答案：(Ｄ) 解析：0.5×0.5×0.5＝0.125 ,中,4-5_扇形與圓心角
(   )一支手機要價　5899　元，手機行賣出　76　支同款手機，共賺得多少元？　(Ａ)　448324　元　(Ｂ)　447324　元　(Ｃ)　438324　元　(Ｄ)　449324　元。,答案：(Ａ) 解析：寫成直式時，位值要對齊。5899×76＝448324 ,中,5-1_多位數的乘法
(   )甲米倉儲藏　6156　包米，乙米倉的米儲藏量是甲米倉的　27　倍，乙米倉總共放了幾包米？　(Ａ)　228　包　(Ｂ)　238　包　(Ｃ)　166222　包　(Ｄ)　166212　包。,答案：(Ｄ) 解析：寫成直式時，位值要對齊。6156×27＝166212 ,中,5-1_多位數的乘法
(   )一箱有　1205　塊橡皮擦，218　箱共有幾塊橡皮擦？　(Ａ)　261690　塊　(Ｂ)　262790　塊　(Ｃ)　262690　塊　(Ｄ)　262680　塊。,答案：(Ｃ) 解析：寫成直式時，位值要對齊。1205×218＝262690 ,易,5-1_多位數的乘法
(   )食品工廠平均一天生產　3650　個鮪魚罐頭，一年　365　天不停工，共可以生產幾個鮪魚罐頭？　(Ａ)　1432250　個　(Ｂ)　1332250　個　(Ｃ)　1333250　個　(Ｄ)　1332260　個。,答案：(Ｂ) 解析：寫成直式時，位值要對齊。3650×365＝1332250 ,中,5-1_多位數的乘法
(   )機車公司今年生產　265000　輛機車，一輛機車賣　67000　元，如果全部賣光，今年機車公司的業績共有多少元？　(Ａ)　17765000000　元　(Ｂ)　17755000000　元　(Ｃ)　17655000000　元　(Ｄ)　1775500000　元。,答案：(Ｂ) 解析：寫成直式時，位值要對齊。可以先算　67×265，在積後面多加　6　個　0。 ,中,5-1_多位數的乘法
(   )科技公司有　52000　位員工，平均每位員工的年終獎金領　48000　元，科技公司總共發出大約多少元的年終獎金？　(Ａ)　2496000000　元　(Ｂ)　2596000000　元　(Ｃ)　2506000000　元　(Ｄ)　2486000000　元。,答案：(Ａ) 解析：寫成直式時，位值要對齊。48000×52000＝2496000000 ,中,5-1_多位數的乘法
(   )抽水機平均　1　分鐘抽走　53200　毫升的水量，10　天共可以抽走幾毫升的水？　(Ａ)　532000　毫升　(Ｂ)　5320000　毫升　(Ｃ)　766080000　毫升　(Ｄ)　766070000　毫升。,答案：(Ｃ) 解析：寫成直式時，位值要對齊。53200×60×24×10＝766080000 ,難,5-1_多位數的乘法
(   )一輛跑車售價　4830000　元，全球有　173000　位客戶購買跑車，總共要多少元？　(Ａ)　835590000000　元　(Ｂ)　835600000000　元　(Ｃ)　835690000000　元　(Ｄ)　835490000000　元。,答案：(Ａ) 解析：寫成直式時，位值要對齊。 4830000×173000＝835590000000 ,中,5-1_多位數的乘法
(   )3214×26＝　(Ａ)　83464　(Ｂ)　83564　(Ｃ)　82564　(Ｄ)　82464。,答案：(Ｂ) 解析：寫成直式時，位值要對齊。 ,易,5-1_多位數的乘法
(   )8400×350＝　(Ａ)　29400　(Ｂ)　294000　(Ｃ)　2940000　(Ｄ)　29400000。,答案：(Ｃ) 解析：寫成直式時，位值要對齊。8400×350＝2940000 ,中,5-1_多位數的乘法
(   )「36000×2500」的積後面有幾個　0　？　(Ａ)　5　個　(Ｂ)　6　個　(Ｃ)　7　個　(Ｄ)　8　個。,答案：(Ｃ) 解析：寫成直式時，位值要對齊。36000×2500＝90000000 ,中,5-1_多位數的乘法
(   )1085×2665　是　(Ａ)　2891525　(Ｂ)　2170000　(Ｃ)　2665000　(Ｄ)　2886100。,答案：(Ａ) 解析：寫成直式時，位值要對齊。 ,難,5-1_多位數的乘法
(   )3215000×422400　是　(Ａ)　13580160000000　(Ｂ)　1358016000000　(Ｃ)　135801600000　(Ｄ)　13550160000。,答案：(Ｂ) 解析：寫成直式時，位值要對齊。 3215000×422400＝1358016000000 ,難,5-1_多位數的乘法
(   )公園裡的園丁每天的工資是　1250　元，去年一整年園丁共工作了　286　天，園丁去年的工資共是多少元？　(Ａ)　232500　元　(Ｂ)　210000　元　(Ｃ)　357500　元　(Ｄ)　434720　元。,答案：(Ｃ) 解析：寫成直式時，位值要對齊。1250×286＝357500 ,易,5-1_多位數的乘法
(   )1085×26　是多少？　(Ａ)　28210　(Ｂ)　28120　(Ｃ)　27508　(Ｄ)　67270。,答案：(Ａ) 解析：寫成直式時，位值要對齊。1085×26＝28210 ,中,5-1_多位數的乘法
(   )32000×42000　是多少？　(Ａ)　13334000000　(Ｂ)　1344000000　(Ｃ)　1434000000　(Ｄ)　1334000000。,答案：(Ｂ) 解析：寫成直式時，位值要對齊。32000×42000＝1344000000 ,難,5-1_多位數的乘法
(   )家具工廠平均一天生產　35　個書櫃，一年　365　天不停工，共可以生產幾個書櫃？　(Ａ)　12775　個　(Ｂ)　12600　個　(Ｃ)　10500　個　(Ｄ)　400　個。,答案：(Ａ) 解析：35×365＝12775 ,易,5-1_多位數的乘法
(   )一個杯子蛋糕　30　元，學校買了　450　個，共要付多少元？　(Ａ)　12000　元　(Ｂ)　13500　元　(Ｃ)　15000　元　(Ｄ)　15300　元。,答案：(Ｂ) 解析：30×450＝13500 ,易,5-1_多位數的乘法
(   )校長準備　5460　顆巧克力球，要平分給五年級學生，五年級學生有　364　人，每人可以分到幾顆巧克力球？　(Ａ)　14　顆　(Ｂ)　15　顆　(Ｃ)　16　顆　(Ｄ)　17　顆。,答案：(Ｂ) 解析：寫成直式時，位值要對齊。5460÷364＝15 ,中,5-2_多位數的除法
(   )果農採收　1048　顆草莓，每　36　顆裝一盒，還要再採收幾顆才能裝滿一盒？　(Ａ)　4　顆　(Ｂ)　29　顆　(Ｃ)　32　顆　(Ｄ)　33　顆。,答案：(Ｃ) 解析：寫成直式時，位值要對齊。先算會剩下幾顆，再算再採收幾顆，才會剛好裝滿一盒 1048÷36＝29…4 36－4＝32 ,難,5-2_多位數的除法
(   )哥哥一個月的生活費是　24500　元，他現在的存款是　318500　元，能付幾個月的生活費？　(Ａ)　13　個月　(Ｂ)　14　個月　(Ｃ)　15　個月　(Ｄ)　16　個月。,答案：(Ａ) 解析：寫成直式時，位值要對齊。318500÷24500＝13 ,中,5-2_多位數的除法
(   )一桶紅茶　7285　毫升，平分裝入相同的杯子內，一個杯子的容量是　375　毫升，可以裝滿幾杯？還剩下幾毫升的紅茶？　(Ａ)　18　杯，160　毫升　(Ｂ)　20　杯，180　毫升　(Ｃ)　19　杯，170　毫升　(Ｄ)　19　杯，160　毫升。,答案：(Ｄ) 解析：寫成直式時，位值要對齊。7285÷375＝19…160 ,中,5-2_多位數的除法
(   )一件風衣　26000　元，服飾批發商用　800000　元全部買風衣，買完後剩下多少元？　(Ａ)　20　元　(Ｂ)　200　元　(Ｃ)　2000　元　(Ｄ)　20000　元。,答案：(Ｄ) 解析：寫成直式時，位值要對齊。800000÷26000＝30…20000 ,中,5-2_多位數的除法
(   )一個長方形地板面積為　7488　平方公分，上面鋪滿　156　塊面積相同的地磚，每塊地磚的面積是幾平方公分？　(Ａ)　47　平方公分　(Ｂ)　48　平方公分　(Ｃ)　49　平方公分　(Ｄ)　50　平方公分。,答案：(Ｂ) 解析：寫成直式時，位值要對齊。7488÷156＝48 ,中,5-2_多位數的除法
(   )6200　的幾倍是　992000　？　(Ａ)　150　倍　(Ｂ)　160　倍　(Ｃ)　170　倍　(Ｄ)　180　倍。,答案：(Ｂ) 解析：寫成直式時，位值要對齊。992000÷6200＝160 ,中,5-2_多位數的除法
(   )下列哪一個除法算式的商最大？　(Ａ)　7500÷24　(Ｂ)　8500÷36　(Ｃ)　6500÷18　(Ｄ)　5500÷16。,答案：(Ｃ) 解析：寫成直式時，位值要對齊。 (Ａ)　7500÷24＝312…12； (Ｂ)　8500÷36＝236…4； (Ｃ)　6500÷18＝361…2； (Ｄ)　5500÷16＝343…12 ,中,5-2_多位數的除法
(   )7011÷123＝　(Ａ)　37　(Ｂ)　47　(Ｃ)　57　(Ｄ)　67。,答案：(Ｃ) 解析：寫成直式時，位值要對齊。 ,易,5-2_多位數的除法
(   )540600÷5100＝　(Ａ)　16　(Ｂ)　160　(Ｃ)　106　(Ｄ)　1060。,答案：(Ｃ) 解析：寫成直式時，位值要對齊。 ,易,5-2_多位數的除法
(   )「108800÷2900」的餘數是多少？　(Ａ)　15　(Ｂ)　150　(Ｃ)　1500　(Ｄ)　15000。,答案：(Ｃ) 解析：寫成直式時，位值要對齊。108800÷2900＝37…1500 ,易,5-2_多位數的除法
(   )8505÷2001　是　(Ａ)　4…505　(Ｂ)　4…501　(Ｃ)　5…505　(Ｄ)　5…501。,答案：(Ｂ) 解析：寫成直式時，位值要對齊。 ,難,5-2_多位數的除法
(   )63200000÷225000　是　(Ａ)　280…200000　(Ｂ)　280…20000　(Ｃ)　280…2000　(Ｄ)　280…200。,答案：(Ａ) 解析：寫成直式時，位值要對齊。 ,中,5-2_多位數的除法
(   )8505÷20　是多少？　(Ａ)　452…5　(Ｂ)　425…5　(Ｃ)　325…5　(Ｄ)　352…5。,答案：(Ｂ) 解析：寫成直式時，位值要對齊。 ,易,5-2_多位數的除法
(   )63200000÷25000　是多少？　(Ａ)　2528　(Ｂ)　2258　(Ｃ)　5258　(Ｄ)　5228。,答案：(Ａ) 解析：寫成直式時，位值要對齊。 ,中,5-2_多位數的除法
(   )將分數的分子和分母同乘以一個比　1　大的整數，得到的分數和原來的分數相等。像這樣把分數化成等值分數的方法，稱為？　(Ａ)擴分　(Ｂ)約分　(Ｃ)通分　(Ｄ)平分。,答案：(Ａ) ,易,6-1_擴分和等值分數
(   )擴分是用四則運算中的哪一種方法來算出等值分數？　(Ａ)加法　(Ｂ)減法　(Ｃ)乘法　(Ｄ)除法。,答案：(Ｃ) ,易,6-1_擴分和等值分數
(   )下面何者不是4/11的等值分數？　(Ａ)11/4　(Ｂ)8/22　(Ｃ)44/121　(Ｄ)52/143。,答案：(Ａ) 解析：4/11＝8/22＝44/121＝52/143 ,易,6-1_擴分和等值分數
(   )2/2＝7/□，□裡應填入？　(Ａ)　1　　(Ｂ)　2　　(Ｃ)　7　　(Ｄ)　14。,答案：(Ｃ) 解析：7÷2＝3.5，2×3.5＝7 ,易,6-1_擴分和等值分數
(   )0.2條蛋糕和幾個0.1條蛋糕一樣大？　(Ａ)　1　個　(Ｂ)　2　個　(Ｃ)　5　個　(Ｄ)　10　個。,答案：(Ｂ) 解析：0.2＝□/10，10÷5＝2，1×2＝2 ,易,6-1_擴分和等值分數
(   )爸爸吃了4/7個喜餅，也是吃了幾分之幾個喜餅？　(Ａ)16/28個　(Ｂ)42/70個　(Ｃ)32/58個　(Ｄ)30/49個。,答案：(Ａ) 解析：4/7＝16/28＝42/70＝32/58＝30/49 ,易,6-1_擴分和等值分數
(   )A、B、C、D　是四個不一樣的整數，且　A＜C，B＜D。如果A/B＝C/D，下列哪一個等式是正確的？　(Ａ)　C＋A＝D＋B　(Ｂ)　C－A＝D－B　(Ｃ)　C×A＝D×B　(Ｄ)　C÷A＝D÷B。,答案：(Ｄ) 解析：A/B＝C/D，A×D＝B×C　或　C÷A＝D÷B ,難,6-1_擴分和等值分數
(   )7/12＝甲/144，甲是？　(Ａ)　70　(Ｂ)　77　(Ｃ)　84　(Ｄ)　91。,答案：(Ｃ) 解析：144÷12＝12，7×12＝84 ,中,6-1_擴分和等值分數
(   )下面哪一組分數是等值分數？　(Ａ)（11/8，55/32）　(Ｂ)（6/19，96/304）　(Ｃ)（23/42，105/210）　(Ｄ)（2/7，25/91）。,答案：(Ｂ) 解析：(Ａ)11/8＝44/32；(Ｂ) 6/19=96/304； (Ｃ) 23/42，115/210；(Ｄ)2/7＝25/91 ,中,6-1_擴分和等值分數
(   )有兩條一樣長的緞帶，姐姐用了9/25條，妹妹用幾分之幾條才會和姐姐一樣長？　(Ａ)27/50條　(Ｂ)55/125條　(Ｃ)306/850條　(Ｄ)81/215條。,答案：(Ｃ) 解析：9/25＝18/50＝45/125＝306/850＝81/225 ,中,6-1_擴分和等值分數
(   )下面哪一個分數介於4/7和6/7之間？　(Ａ)6/14　(Ｂ)9/21　(Ｃ)13/21　(Ｄ)13/14。,答案：(Ｃ) 解析：4/7＝8/14＝12/21，6/7＝12/14＝18/21 ,中,6-1_擴分和等值分數
(   )分數的分子和分母同乘以一個大於　1　的整數，其值會？　(Ａ)變大　(Ｂ)變小　(Ｃ)不變　(Ｄ)不一定。,答案：(Ｃ) ,易,6-1_擴分和等值分數
(   )下面哪一個數和其他三個不一樣大？　(Ａ)4/12　(Ｂ)8/16　(Ｃ)20/60　(Ｄ)24/72。,答案：(Ｂ) 解析：(Ａ) 4/12＝1/3；(Ｂ)8/16＝1/2；(Ｃ)20/60＝1/3；(Ｄ)24/72＝1/3 ,易,6-2_約分和等值分數
(   )一包餅乾有　36　片，24　片是多少包餅乾？利用約分的方法做做看。　(Ａ)12/36包　(Ｂ)10/18包　(Ｃ)6/9包　(Ｄ)1/3包。,答案：(Ｃ) 解析：24/36＝12/18＝6/9＝2/3 ,中,6-2_約分和等值分數
(   )48/60＝□/15，□裡應填入？　(Ａ)　4　　(Ｂ)　6　　(Ｃ)　8　　(Ｄ)　12。,答案：(Ｄ) 解析：60÷15＝4，48÷4＝12 ,易,6-2_約分和等值分數
(   )每　16　個月餅裝成一盒，吃掉12/16盒，可以說是吃掉四分之幾盒？　(Ａ)5/4盒　(Ｂ)4/4盒　(Ｃ)3/4盒　(Ｄ)2/4盒。,答案：(Ｃ) 解析：12/16＝3/4 ,易,6-2_約分和等值分數
(   )1　盒蛋黃酥有　12　個，12/48盒蛋黃酥和十二分之幾盒蛋黃酥一樣多？　(Ａ)5/12盒　(Ｂ)3/12盒　(Ｃ)2/12盒　(Ｄ)1/12盒。,答案：(Ｂ) 解析：12/48＝3/12 ,易,6-2_約分和等值分數
(   )將分子和分母同除以它們的公因數，得到的分數和原來的分數相等。像這樣把分數化成等值分數的方法，稱為？　(Ａ)通分　(Ｂ)括分　(Ｃ)約分　(Ｄ)等分。,答案：(Ｃ) ,易,6-2_約分和等值分數
(   )某一分數約分後的數值和擴分後的數值相比，哪一個比較大？　(Ａ)約分後的數值　(Ｂ)擴分後的數值　(Ｃ)一樣大　(Ｄ)不一定。,答案：(Ｃ) ,易,6-2_約分和等值分數
(   )哪一個選項中的分數不能再約分？　(Ａ)56/42　(Ｂ)28/21　(Ｃ)8/6　(Ｄ)4/3。,答案：(Ｄ) 解析：(Ａ)56/42＝28/21＝4/3；(Ｂ)28/21＝4/3；(Ｃ)8/6＝4/3 ,易,6-2_約分和等值分數
(   )若分子和分母同時用公因數去除時，得到的分數和原來的分數相等。像這樣把分數化成等值分數的方法，稱為？　(Ａ)擴分　(Ｂ)約分　(Ｃ)通分　(Ｄ)繁分。,答案：(Ｂ) ,易,6-2_約分和等值分數
(   )一包糖果有　36　顆，小心吃了8/36包，小雅吃了2/9包，小心吃了多少包？利用約分的方法做做看。　(Ａ)1/9包　(Ｂ)2/9包　(Ｃ)4/9包　(Ｄ)8/9包。,答案：(Ｂ) 解析：36÷9＝4，8÷4＝2，8/36＝2/9 ,易,6-2_約分和等值分數
(   )下面哪一個分數和40/100一樣大？　(Ａ)7/15　(Ｂ)12/30　(Ｃ)15/35　(Ｄ)9/25。,答案：(Ｂ) 解析：40/100＝4/10＝12/30＝2/5＝6/15＝14/35＝10/25 ,中,6-2_約分和等值分數
(   )將一個分數約分，約到不能再約為止時，分子和分母的最大公因數是？　(Ａ)　1　(Ｂ)　2　(Ｃ)　10　(Ｄ)　100。,答案：(Ａ) ,中,6-2_約分和等值分數
(   )一個分數先約分後再擴分，其值會？　(Ａ)比原分數大　(Ｂ)比原分數小　(Ｃ)和原分數一樣大　(Ｄ)無法比較。,答案：(Ｃ) ,易,6-2_約分和等值分數
(   )先生將一塊地平分成　108　等分，他利用其中的　60　等分種植青椒，種植青椒用了幾塊地？　(Ａ)30/36塊　(Ｂ)30/55塊　(Ｃ)4/9塊　(Ｄ)10/18塊。,答案：(Ｄ) 解析：60/108＝20/36＝30/54＝5/9＝10/18 ,中,6-2_約分和等值分數
(   )21/56、27/72、10/24、18/48，哪一個分數和其他三個不是等值分數？　(Ａ)21/56　(Ｂ)27/72　(Ｃ)10/24　(Ｄ)18/48。,答案：(Ｃ) 解析：21/56＝3/8＝27/72＝9/24＝18/48 ,中,6-2_約分和等值分數
(   )下面哪一個選項不正確？　(Ａ)48/72＝24/36　(Ｂ)24/36＝2/3　(Ｃ)50/75＝2/3　(Ｄ)25/15＝5/2。,答案：(Ｄ) 解析：(Ｄ)25/15＝5/3 ,中,6-2_約分和等值分數
(   )20/28＝5/□，□中應填入下面哪一個數字？　(Ａ)　5　(Ｂ)　6　(Ｃ)　7　(Ｄ)　8。,答案：(Ｃ) 解析：20÷5＝4，28÷4＝7 ,易,6-2_約分和等值分數
(   )分數的分子和分母同除以一個大於　1　的整數，其值會？　(Ａ)變大　(Ｂ)變小　(Ｃ)不變　(Ｄ)不一定。,答案：(Ｃ) ,易,6-2_約分和等值分數
(   )一盒巧克力有　16　顆，桌上有12/16盒，也可以說是3/A盒。A　是多少？　(Ａ)　16　(Ｂ)　8　(Ｃ)　4　(Ｄ)　2。,答案：(Ｃ) 解析：12÷3＝4，16÷4＝4 ,中,6-2_約分和等值分數
(   )一支熱狗重1/4公斤，一顆蘋果重3/8公斤，一本筆記本重1/2公斤，哪一個最重？　(Ａ)熱狗　(Ｂ)蘋果　(Ｃ)筆記本　(Ｄ)一樣重。,答案：(Ｃ) 解析：1/4＝2/8，1/2＝4/8，1/4＜3/8＜1/2 ,中,6-3_通分和分數的大小比較
(   )下面哪一個分數比18/32小？　(Ａ)5/8　(Ｂ)2/4　(Ｃ)10/16　(Ｄ)40/64。,答案：(Ｂ) 解析：(Ａ)5/8＝20/32；(Ｂ)2/4＝16/32； (Ｃ)10/16＝20/32；(Ｄ)40/64＝20/32 ,中,6-3_通分和分數的大小比較
(   )桌上有一個布丁蛋糕，小雲吃5/14個，小香吃3/8個，誰吃的蛋糕比較少？　(Ａ)小雲　(Ｂ)小香　(Ｃ)一樣多　(Ｄ)無法比較。,答案：(Ａ) 解析：5/14＝20/56，3/8＝21/56，20/56＜21/56，5/14＜3/8 ,中,6-3_通分和分數的大小比較
(   )主辦單位準備　15　個一樣大的披薩，其中　6　個披薩平分給　12　位大人，5　個披薩平分給　9　位小孩，4　個披薩平分給　6　位教學老師，誰吃的披薩最多？　(Ａ)一樣多　(Ｂ)一位大人　(Ｃ)一位小孩　(Ｄ)一位教學老師。,答案：(Ｄ) 解析：6/12＝18/36，5/9＝20/36，4/6＝24/36 18/36＜20/36＜24/36，6/12＜5/9＜4/6 ,難,6-3_通分和分數的大小比較
(   )有甲、乙兩個分數，甲＞乙，經由通分後，哪一個分數比較大？　(Ａ)甲　(Ｂ)乙　(Ｃ)一樣多　(Ｄ)無法比較。,答案：(Ａ) 解析：分數經由通分後，其值不變，依然是甲＞乙。 ,中,6-3_通分和分數的大小比較
(   )下面哪一個分數最小？　(Ａ)2/23　(Ｂ)2/21　(Ｃ)4/48　(Ｄ)4/45。,答案：(Ｃ) 解析：2/23＝4/46，2/11＝4/42，4/48＜4/46＜4/45＜4/42 ,中,6-3_通分和分數的大小比較
(   )若1/C＜1/B＜1/A，則？　(Ａ)　C＞B＞A　(Ｂ)　B＞A＞C　(Ｃ)　B＞C＞A　(Ｄ)　A＞B＞C。,答案：(Ａ) 解析：分子相同，分母越大，分數越小。 ,易,6-3_通分和分數的大小比較
(   )5/14、8/21、1/3三個分數要比較大小，分母可以先通分成下面哪一個數？　(Ａ)　16　(Ｂ)　36　(Ｃ)　42　(Ｄ)　14。,答案：(Ｃ) 解析：14、21　和　3　的最小公倍數：42 ,中,6-3_通分和分數的大小比較
(   )11/12、5/8、15/16比大小時，先將分母通分成下列哪一個數，會較容易比較？　(Ａ)　32　(Ｂ)　48　(Ｃ)　56　(Ｄ)　96。,答案：(Ｂ) 解析：12、8　和　16　的最小公倍數是　48。 ,中,6-3_通分和分數的大小比較
(   )大於4/7、小於7/8的分數中，分母是　56　且不能再被約分的分數有幾個？　(Ａ)　5　個　(Ｂ)　6　個　(Ｃ)　7　個　(Ｄ)　9　個。,答案：(Ｃ) 解析：4/7＝32/56，7/8＝49/56 分母是　56　且不能再被約分的分數有33/56、37/56、39/56、41/56、43/56、45/56、47/56。 ,難,6-3_通分和分數的大小比較
(   )動物園的1/5給猴子住，3/6給河馬住，猴子和河馬總共住了「三十分之幾」的動物園？　(Ａ)15/30　(Ｂ)17/30　(Ｃ)19/30　(Ｄ)21/30。,答案：(Ｄ) 解析：1/5＋3/6＝6/30＋15/30＝21/30 ,中,7-1_異分母分數的加法
(   )在計算異分母分數的加法時，要先進行哪一個步驟再做計算？　(Ａ)平分　(Ｂ)擴分　(Ｃ)約分　(Ｄ)通分。,答案：(Ｄ) ,易,7-1_異分母分數的加法
(   )有一條鐵絲，裁掉5/18公分，剩下7/12公分，這條鐵絲原本有多長？　(Ａ)31/36公分　(Ｂ)12/30公分　(Ｃ)15/18公分　(Ｄ)11/36公分。,答案：(Ａ) 解析：7/12＋5/18＝21/36＋10/36＝31/36 ,中,7-1_異分母分數的加法
,,中,7-1_異分母分數的加法
(   )在計算異分母分數的減法時，要先進行哪一個步驟再做計算？　(Ａ)平分　(Ｂ)擴分　(Ｃ)約分　(Ｄ)通分。,答案：(Ｄ) ,易,7-2_異分母分數的減法
(   )小松去爬山，上山花了　5小時，下山花了　4小時，上山比下山多花多少小時？　(Ａ)小時　(Ｂ)　1小時　(Ｃ)　1小時　(Ｄ)　1小時。,答案：(Ａ) 解析：5－4＝5－4＝4－4＝ ,中,7-2_異分母分數的減法
(   )－乙數＝，乙數是？　(Ａ)　(Ｂ)　(Ｃ)　(Ｄ)。,答案：(Ｂ) 解析：－＝－＝ ,中,7-2_異分母分數的減法
(   )有兩個一樣大的草莓派，小威吃個草莓派，小威比小穎多吃個，小穎吃幾個草莓派？　(Ａ)個　(Ｂ)個　(Ｃ)個　(Ｄ)個。,答案：(Ｄ) 解析：－＝－＝ ,中,7-2_異分母分數的減法
(   )一根木棍長公尺，爸爸鋸掉一些後，剩下　1公尺，爸爸鋸掉多少公尺的木棍？　(Ａ)　1公尺　(Ｂ)　1公尺　(Ｃ)　1公尺　(Ｄ)　1公尺。,答案：(Ｄ) 解析：－1＝2－1＝2－1＝1 ,中,7-2_異分母分數的減法
(   )妹妹的籃子裡裝一些番茄，媽媽給她籃番茄後，總共是籃番茄，妹妹原先有幾籃番茄？　(Ａ)　1籃　(Ｂ)　1籃　(Ｃ)籃　(Ｄ)籃。,答案：(Ｃ) 解析：－＝－＝ ,中,7-2_異分母分數的減法
(   )小昇和小翔一共有盒遊戲卡，已知小翔有盒遊戲卡，小昇比小翔多幾盒遊戲卡？　(Ａ)盒　(Ｂ)盒　(Ｃ)盒　(Ｄ)盒。,答案：(Ｃ) 解析：－＝－＝ －＝－＝ ,難,7-2_異分母分數的減法
(   )計算　5－－時，分母可先通分成下面哪一個數再相減？　(Ａ)　10－3－4　(Ｂ)　10　和　12　的最小公倍數　(Ｃ)　10、3　和　4　的最大公因數　(Ｄ)　10　和　3　的最小公倍數。,答案：(Ｂ) 解析：10、3　和　4　的最小公倍數：60 (Ａ)　10－3－4＝3； (Ｂ)　10　和　12　的最小公倍數：60； (Ｃ)　10、3　和　4　的最大公因數：1； (Ｄ)　10　和　3　的最小公倍數：30 ,難,7-2_異分母分數的減法
(   )水果店老闆將　4　箱水梨分裝成小盒，箱水梨恰好裝滿　1　盒。分裝工作因為店裡來了客人而中斷，剩下箱水梨還沒裝入盒中。請問老闆已經將多少箱水梨裝入盒中？　(Ａ)箱　(Ｂ)箱　(Ｃ)箱　(Ｄ)箱。,答案：(Ｃ) 解析：1　箱水梨相當於箱，4　箱水梨是箱。 －＝ ,難,7-2_異分母分數的減法
(   )有一條緞帶長　4　公尺，小奕剪掉　2公尺做教室布置，再剪去公尺包裝禮盒，這條緞帶剩下多少公尺？　(Ａ)公尺　(Ｂ)　1公尺　(Ｃ)　1公尺　(Ｄ)公尺。,答案：(Ａ) 解析：4－2－ ＝4－2－ ＝2－2－ ＝（或） ,中,7-2_異分母分數的減法
(   )一條長5/4公尺的尼龍繩，弟弟用了1/2公尺綁東西後，還剩下幾公尺？　(Ａ)4/2公尺　(Ｂ)3/4公尺　(Ｃ)7/4公尺　(Ｄ)4/6公尺。,答案：(Ｂ) 解析：5/4－1/2＝5/2-2/4＝3/4 ,易,7-3_解題
(   )下面哪一個計算方式是錯的？　(Ａ)　108÷18×7＝108×7÷18　　(Ｂ)　882÷7÷9＝882÷（7×9）　(Ｃ)　384÷（6÷2）＝384÷6÷2　　(Ｄ)　32×16÷8＝32×（16÷8）。,答案：(Ｃ) 解析：(Ｃ)　384÷（6÷2）＝384÷3＝128 ,中,8-1_乘除計算規律
(   )「325÷13×5」和下面哪一個算式相等？　(Ａ)　325÷（13×5）　(Ｂ)　325×5÷13　(Ｃ)　325×13÷5　(Ｄ)　325×13×5。,答案：(Ｂ) 解析：計算四則運算時，「先乘再除」和「先除再乘」的結果相同。 ,中,8-1_乘除計算規律
(   )「648÷18÷9」和下面哪一個算式不相等？　(Ａ)　648÷（18÷9）　(Ｂ)　648÷9÷18　　(Ｃ)　648÷（18×9）　(Ｄ)（648÷18）÷9。,答案：(Ａ) 解析：648÷18÷9＝36÷9＝4； (Ａ)　648÷（18÷9）＝648÷2＝324； (Ｂ)　648÷9÷18＝72÷18＝4； (Ｃ)　648÷（18×9）＝648÷162＝4； (Ｄ)（648÷18）÷9＝36÷9＝4 ,中,8-1_乘除計算規律
(   )4500×12÷45　是　(Ａ)　12　(Ｂ)　120　(Ｃ)　1200　(Ｄ)　11200。,答案：(Ｃ) 解析：4500×12÷45＝4500÷45×12＝100×12＝1200 ,中,8-1_乘除計算規律
(   )60×12×5　和哪一個算式的答案相同？　(Ａ)　60×5×12　(Ｂ)　60÷5÷12　(Ｃ)　60÷12×5　(Ｄ)　60×12÷5。,答案：(Ａ) 解析：在連乘算式中，無論哪兩個數位置交換，最後的答案都相同。 ,易,8-1_乘除計算規律
(   )100×50×2　和哪一個算式的答案相同？　(Ａ)　100÷50÷2　(Ｂ)　100×50÷2　(Ｃ)　2×50×100　(Ｄ)　100÷50×2。,答案：(Ｃ) 解析：在連乘算式中，無論哪兩個數位置交換，最後的答案都相同。 ,易,8-1_乘除計算規律
(   )下面哪一個算式和「18000÷6÷3÷10」算出來的答案不同？　(Ａ)　18000÷（6×3×10）　(Ｂ)　18000÷（6÷3）÷10　(Ｃ)　18000÷3÷6÷10　(Ｄ)　18000÷（10×6）÷3。,答案：(Ｂ) 解析：18000÷6÷3÷10＝3000÷3÷10＝1000÷10＝100； (Ａ)　18000÷（6×3×10）＝18000÷180＝100； (Ｂ)　18000÷（6÷3）÷10＝18000÷2÷10＝9000÷10＝900； (Ｃ)　18000÷3÷6÷10＝6000÷6÷10＝1000÷10＝100； (Ｄ)　18000÷（10×6）÷3＝18000÷60÷3＝300÷3＝100。 ,中,8-1_乘除計算規律
(   )2240÷80÷4　不等於下列哪一個算式或答案？　(Ａ)　2240÷4÷80　(Ｂ)　7　(Ｃ)　2240÷（80÷4）　(Ｄ)　2240÷（80×4）。,答案：(Ｃ) 解析：四則運算時，連除兩數與除以此兩數之積的結果相同。 ,中,8-1_乘除計算規律
(   )6×7＋9×3　的答案是　(Ａ)　15　(Ｂ)　69　(Ｃ)　153　(Ｄ)　206。,答案：(Ｂ) 解析：6×7＋9×3＝42＋27＝69 ,易,8-2_四則混合計算
(   )「2×8＋5×4」的答案是　(Ａ)　84　(Ｂ)　36　(Ｃ)　16　(Ｄ)　4。,答案：(Ｂ) 解析：2×8＋5×4＝16＋20＝36 ,易,8-2_四則混合計算
(   )「8×8－56÷8」的答案是　(Ａ)　1　(Ｂ)　16　(Ｃ)　57　(Ｄ)　71。,答案：(Ｃ) 解析：8×8－56÷8＝64－7＝57 ,易,8-2_四則混合計算
(   )5×18－6×5　的答案是　(Ａ)　420　(Ｂ)　177　(Ｃ)　120　(Ｄ)　60。,答案：(Ｄ) 解析：5×18－6×5＝90－30＝60  ,易,8-2_四則混合計算
(   )下面哪一個算式的答案是錯的？　(Ａ)　5＋4×2＝13　(Ｂ)　15－7×2＝1　(Ｃ)　6＋5×3＝33　(Ｄ)　4＋12÷3＝8。,答案：(Ｃ) 解析：(Ｃ)　6＋5×3＝6＋15＝21 ,中,8-2_四則混合計算
(   )（88－30－10）÷8　的答案是　(Ａ)　83　(Ｂ)　16　(Ｃ)　8　(Ｄ)　6。,答案：(Ｄ) 解析：（88－30－10）÷8＝48÷8＝6 ,易,8-2_四則混合計算
(   )2＋85÷17×32－12　這個算式中，應該先算下面哪一個部分？　(Ａ)　2＋85　(Ｂ)　85÷17　(Ｃ)　17×32　(Ｄ)　32－12。,答案：(Ｂ) 解析：計算四則運算時，先乘除後加減。 ,中,8-2_四則混合計算
(   )下面哪一個算式的答案是錯的？　(Ａ)　9＋6×3＝27　(Ｂ)　15－6×2＝3　(Ｃ)　2＋5×7＝49　(Ｄ)　4＋48÷6＝12。,答案：(Ｃ) 解析：(Ｃ)　2＋5×7＝2＋35＝37 ,中,8-2_四則混合計算
(   )「16－8÷4＝2」中，要加上一個（　）讓算式左右兩邊相等，應該加在什麼位置？　(Ａ)（16－8）÷4＝2　(Ｂ)　16－（8÷4）＝2　(Ｃ)（16－8÷4）＝2　(Ｄ)（16＋8）÷4＝2。,答案：(Ａ) 解析：(Ａ)（16－8）÷4＝8÷4＝2； (Ｂ)　16－（8÷4）＝16－2＝14； (Ｃ)（16－8÷4）＝16－2＝14； (Ｄ)（16＋8）÷4＝24÷4＝6。 ,中,8-2_四則混合計算
(   )「162－15×7＋23」這個算式中，要先算哪一個部分？　(Ａ)　162－15　(Ｂ)　15×7　(Ｃ)　7＋23　(Ｄ)　162×7。,答案：(Ｂ) 解析：計算四則運算時，先乘除後加減。 ,中,8-2_四則混合計算
(   )下面哪一個算式的答案不是「7」？　(Ａ)　3＋（181－157）÷6　(Ｂ)（362－237－76）÷7　(Ｃ)　12＋42÷6－2　(Ｄ)　64－59＋92÷46。,答案：(Ｃ) 解析：(Ａ)　3＋（181－157）÷6＝3＋24÷6＝7； (Ｂ)（362－237－76）÷7＝49÷7＝7； (Ｃ)　12＋42÷6－2＝12＋7－2＝17； (Ｄ)　64－59＋92÷46＝64－59＋2＝7 ,中,8-2_四則混合計算
(   )如果下面三個算式要併成一條算式，且「170」為最終答案，下面哪一條是合併後的算式？ㄅ　51－38＝13　ㄆ　13×11＝143　ㄇ　27＋143＝「170」(Ａ)　51－38×11＋27＝170　(Ｂ)　27＋51－38×11＝170　(Ｃ)　27＋（51－38）×11＝170　(Ｄ)　3×11－38＋27＝170。,答案：(Ｃ) 解析：(Ａ)　51－38×11＋27，不夠減； (Ｂ)　27＋51－38×11，不夠減； (Ｃ)　27＋（51－38）×11＝170； (Ｄ)　3×11－38＋27＝22 ,難,8-2_四則混合計算
(   )440÷（25×6－40）×2　是　(Ａ)　4　(Ｂ)　6　(Ｃ)　8　(Ｄ)　10。,答案：(Ｃ) 解析：440÷（25×6－40）×2 ＝440÷（150－40）×2 ＝440÷110×2 ＝4×2 ＝8 ,中,8-2_四則混合計算
(   )小花帶　350　元到文具店，買了一本　150　元的筆記本後，剩下的錢想買　4　枝果凍筆，還不夠　20　元，一枝果凍筆幾元？下面哪一個算式和答案正確？　(Ａ)　350－150－20÷4＝195　(Ｂ)　350－150＋20÷4＝205　(Ｃ)（350－150－20）÷4＝45　(Ｄ)（350－150＋20）÷4＝55。,答案：(Ｄ) 解析：全部的錢減掉筆記本的錢，再加上不夠的錢，再除以　4　枝果凍筆，就是　1　枝果凍筆的錢。 ,中,8-2_四則混合計算
(   )下面哪一個算式是錯的？　(Ａ)（甲＋乙）×丙＝乙×丙＋甲×丙　(Ｂ)甲＋乙－丙＝甲－丙＋乙　(Ｃ)（甲－乙）×丙＝甲×丙－乙×丙　(Ｄ)丙×甲－丙÷乙＝丙×（甲÷乙）。,答案：(Ｄ) 解析：(Ａ)運用乘法分配律；(Ｂ)先減後加或先加後減結果相同；(Ｃ)運用乘法分配律。 ,中,8-3_分配律
(   )5×7＋5×3　的計算方式，哪一個是正確的？　(Ａ)　5×（7＋3）　(Ｂ)　7×（5＋3）　(Ｃ)　3×（5＋7）　(Ｄ)　5×7×3。,答案：(Ａ) 解析：運用乘法分配律。 ,易,8-3_分配律
(   )300×12＝（□＋100）×12，□中的數是　(Ａ)　500　(Ｂ)　400　(Ｃ)　300　(Ｄ)　200。,答案：(Ｄ) 解析：300－100＝200 ,易,8-3_分配律
(   )84×（3＋4）□84×3＋84×4，□中應填入什麼符號？　(Ａ)＜　(Ｂ)＝　(Ｃ)＞　(Ｄ)無法比較。,答案：(Ｂ) ,中,8-3_分配律
(   )「92×15＋15」和下面哪一個算式相等？　(Ａ)　92×（15＋1）　(Ｂ)　92×（15＋15）　(Ｃ)（92＋1）×15　　(Ｄ)　92＋15×15。,答案：(Ｃ) 解析：運用乘法分配律。 ,中,8-3_分配律
(   )「17×42＋A×42＝31×42」，A　是　(Ａ)　14　(Ｂ)　17　(Ｃ)　31　(Ｄ)　42。,答案：(Ａ) 解析：31－17＝14 ,中,8-3_分配律
(   )「B×23＝16×23－7×23」，B　是　(Ａ)　23　(Ｂ)　16　(Ｃ)　9　(Ｄ)　7。,答案：(Ｃ) 解析：16－7＝9 ,中,8-3_分配律
(   )博物館一張成人票　250　元，一張兒童票　135　元，小玉一家六口，大人、小孩各　3　人，門票花費多少元？　(Ａ)　1155　元　(Ｂ)　1165　元　(Ｃ)　2310　元　(Ｄ)　2320　元。,答案：(Ａ) 解析：250×3＋135×3＝（250＋135）×3＝385×3＝1155 ,中,8-4_解題
(   )甲小吃店一碗牛肉麵　85　元，乙小吃店一碗牛肉麵的價格比甲小吃店便宜　15　元，哥哥在乙小吃店外帶　8　碗牛肉麵，共要付多少元？　(Ａ)　550　元　(Ｂ)　560　元　(Ｃ)　665　元　(Ｄ)　800　元。,答案：(Ｂ) 解析：85－15＝70，70×8＝560 ,易,8-4_解題
(   )平行四邊形的底和高相當於長方形的　(Ａ)長和寬　(Ｂ)長和高　(Ｃ)寬和高　(Ｄ)寬和底。,答案：(Ａ) ,易,9-1_平行四邊形的面積
(   )在平行四邊形指定的底邊上可以找出幾條高？　(Ａ)　1　條　(Ｂ)　2　條　(Ｃ)　3　條　(Ｄ)無限多條。,答案：(Ｄ) ,易,9-1_平行四邊形的面積
(   )平行四邊形的底和相對的高　(Ａ)互相平行　(Ｂ)相對　(Ｃ)互相垂直　(Ｄ)不互相平行，也不互相垂直。,答案：(Ｃ) 解析：與平行四邊形的上下兩邊都垂直的線段，就是平行四邊形的高。 ,易,9-1_平行四邊形的面積
(   )平行四邊形的底不變，高變為　3　倍，面積變為　(Ａ)　3　倍　(Ｂ)　6　倍　(Ｃ)　9　倍　(Ｄ)　12　倍。,答案：(Ａ) 解析：當平行四邊形的底相等時，高變為　N　倍，面積變為　N　倍。 ,易,9-1_平行四邊形的面積
(   )平行四邊形面積的公式是　(Ａ)底＋高　(Ｂ)底×高　(Ｃ)底÷高　(Ｄ)底－高。,答案：(Ｂ) ,易,9-1_平行四邊形的面積
(   )下面關於平行四邊形「底」和「高」的敘述，何者正確？　(Ａ)底和高互相平行　(Ｂ)底和高相交的點一定是頂點　(Ｃ)高一定是平行四邊形的對角線　(Ｄ)如果面積一樣，底越長，高就會越短。,答案：(Ｄ) 解析：(Ａ)底和高互相垂直；(Ｂ)底和高相交的點不一定是頂點；(Ｃ)高不是平行四邊形的對角線。 ,中,9-1_平行四邊形的面積
(   )甲、乙兩個平行四邊形的底一樣長，甲的高是　6　公分，乙的高是　42　公分，乙的面積是甲面積的幾倍？　(Ａ)　6　倍　(Ｂ)　7　倍　(Ｃ)　42　倍　(Ｄ)　252　倍。,答案：(Ｂ) 解析：42÷6＝7 ,中,9-1_平行四邊形的面積
(   )一個底為　125　公尺、高為　8　公尺的平行四邊形土地，面積為多少平方公尺？　(Ａ)　250　平方公尺　(Ｂ)　500　平方公尺　(Ｃ)　750　平方公尺　(Ｄ)　1000　平方公尺。,答案：(Ｄ) 解析：125×8＝1000 ,中,9-1_平行四邊形的面積
(   )平行四邊形最多有幾種不同長度的高？　(Ａ)　1　種　(Ｂ)　2　種　(Ｃ)　3　種　(Ｄ)　4　種。,答案：(Ｂ) 解析：與平行四邊形的上下兩邊都垂直的線段，就是平行四邊形的高。平行四邊形最多有　2　個不同長度的邊可以當底邊，所以有　2　種不同長度的高。 ,中,9-1_平行四邊形的面積
(   )不同形狀的平行四邊形，當高相等時，底和面積的關係如何？　(Ａ)底越長，面積越小　(Ｂ)底越短，面積越大　(Ｃ)底相等，面積也相等　(Ｄ)不論底的長短，面積都不會改變。,答案：(Ｃ) 解析：不同形狀的平行四邊形，當底和高相等時，面積也相等。 ,中,9-1_平行四邊形的面積
(   )有ㄇ、ㄈ兩個平行四邊形，ㄇ和ㄈ的底都是　22　公分，如果ㄇ的高是　8　公分，ㄈ的高是ㄇ高的　3　倍，ㄈ平行四邊形的面積是幾平方公分？　(Ａ)　176　平方公分　(Ｂ)　264　平方公分　(Ｃ)　384　平方公分　(Ｄ)　528　平方公分。,答案：(Ｄ) 解析：不同形狀的平行四邊形，當底相等時，高變為　3　倍，面積也會變為　3　倍。 ㄇ平行四邊形面積：22×8＝176， ㄈ平行四邊形面積：22×（8×3）＝528 ,中,9-1_平行四邊形的面積
(   )哪一種三角形的其中兩邊可以互相當底和高？　(Ａ)直角三角形　(Ｂ)等腰三角形　(Ｃ)正三角形　(Ｄ)鈍角三角形。,答案：(Ａ) ,易,9-2_三角形的面積
(   )兩個全等的等腰三角形可以拼成一個　(Ａ)梯形　(Ｂ)平行四邊形　(Ｃ)長方形　(Ｄ)圓形。,答案：(Ｂ) ,易,9-2_三角形的面積
(   )三角形中，最多有幾組不同長度的底和高？　(Ａ)　1　組　(Ｂ)　2　組　(Ｃ)　3　組　(Ｄ)　4　組。,答案：(Ｃ) ,易,9-2_三角形的面積
(   )三角形和平行四邊形同底且同高時，誰的面積比較大？　(Ａ)三角形　(Ｂ)平行四邊形　(Ｃ)一樣大　(Ｄ)不能確定。,答案：(Ｂ) 解析：三角形面積公式：底×高÷2，平行四邊形面積公式：底×高 ,易,9-2_三角形的面積
(   )三角形的底不變，高變為　3　倍，則面積變為　(Ａ)1/3倍　(Ｂ)　3　倍　(Ｃ)　6　倍　(Ｄ)　9　倍。,答案：(Ｂ) 解析：當三角形的底不變，高變為　N　倍，面積變為　N　倍 ,易,9-2_三角形的面積
(   )三角形的面積公式是　(Ａ)底×高　(Ｂ)（底＋高）×2　(Ｃ)底－高÷2　(Ｄ)底×高÷2。,答案：(Ｄ) ,易,9-2_三角形的面積
(   )三角形面積是　88　平方公尺，如果底是　44　公尺，高是多少公尺？　(Ａ)　2　公尺　(Ｂ)　4　公尺　(Ｃ)　6　公尺　(Ｄ)　8　公尺。,答案：(Ｂ) 解析：88×2÷44＝4 ,易,9-2_三角形的面積
(   )甲、乙、丙　3　個三角形的高都一樣，但甲面積比乙面積大，乙面積比丙面積大。哪一個三角形的底邊最長？　(Ａ)甲　(Ｂ)乙　(Ｃ)丙　(Ｄ)一樣長。,答案：(Ａ) 解析：不同形狀的三角形，當高相等時，底越長，面積越大。 ,中,9-2_三角形的面積
(   )當三角形的底變為原來的　2　倍時，高要變成原來的幾倍，面積才不會改變？　(Ａ)　1　倍　(Ｂ)0.5倍　(Ｃ)0.25倍　(Ｄ)　2　倍。,答案：(Ｂ) 解析：不同形狀的三角形，當底變為　N　倍時，高變為1/N倍，面積才不會改變。 ,難,9-2_三角形的面積
(   )不同的梯形，當（上底＋下底）的和相等時，高變為　3　倍，面積變為　(Ａ)　2　倍　(Ｂ)　3　倍　(Ｃ)　4　倍　(Ｄ)　5　倍。,答案：(Ｂ) 解析：不同的梯形，當（上底＋下底）的和相等時，高變為　N　倍，面積變為　N　倍。 ,易,9-3_梯形的面積
(   )梯形中，兩底之間的垂直直線的距離稱為　(Ａ)上底　(Ｂ)下底　(Ｃ)高　(Ｄ)長。,答案：(Ｃ) ,易,9-3_梯形的面積
(   )不同的梯形，當（上底＋下底）的和相等時，高變為　2　倍，面積變為　(Ａ)　2　倍　(Ｂ)　3　倍　(Ｃ)　4　倍　(Ｄ)　6　倍。,答案：(Ａ) 解析：不同的梯形，當（上底＋下底）的和相等時，高變為　N　倍，面積變為　N　倍。 ,易,9-3_梯形的面積
(   )下面關於梯形的敘述，何者正確？　(Ａ)上底和下底互相垂直　(Ｂ)高不可能是梯形的其中一邊　(Ｃ)高同時垂直於上底和下底　(Ｄ)有兩組對邊互相平行。,答案：(Ｃ) 解析：(Ａ)上底和下底互相平行；(Ｂ)高可能是梯形的其中一邊；(Ｄ)只有一組對邊互相平行。 ,中,9-3_梯形的面積
(   )梯形面積的公式是　(Ａ)（上底＋下底）×高÷2　(Ｂ)底×高÷2　(Ｃ)底×高　(Ｄ)長×寬。,答案：(Ａ) ,易,9-3_梯形的面積
(   )一個上底為　50　公尺、下底為　70　公尺、高為　100　公尺的梯形土地，面積為多少平方公尺？　(Ａ)　4000　平方公尺　(Ｂ)　5000　平方公尺　(Ｃ)　6000　平方公尺　(Ｄ)　7000　平方公尺。,答案：(Ｃ) 解析：（50＋70）×100÷2＝6000 ,中,9-3_梯形的面積
(   )有一個梯形紙板，上底是　16　公分，下底是　10　公分，面積是　65　平方公分，此梯形的高是幾公分？　(Ａ)　5　公分　(Ｂ)　6　公分　(Ｃ)　7　公分　(Ｄ)　8　公分。,答案：(Ａ) 解析：65×2÷（16＋10）＝5 ,中,9-3_梯形的面積
(   )不同形狀的梯形，當上底、下底的和相等，高變為　3　倍時，面積變為幾倍？　(Ａ)　2　倍　(Ｂ)　3　倍　(Ｃ)　4　倍　(Ｄ)　5　倍。,答案：(Ｂ) 解析：不同形狀的梯形，當上底、下底的和相等時，高變為　N　倍，面積會變為　N　倍。 ,中,9-3_梯形的面積
(   )梯形花圃面積是　176　平方公尺，上底是　12　公尺，下底是　10　公尺，高是多少公尺？　(Ａ)　16　公尺　(Ｂ)　32　公尺　(Ｃ)　56　公尺　(Ｄ)　154　公尺。,答案：(Ａ) 解析：176×2÷（12＋10）＝16 ,易,9-4_面積公式的應用
(   )一個平行四邊形的面積是　1081　平方公分，底為　23　公分，高是多少公分？　(Ａ)　42　公分　(Ｂ)　47　公分　(Ｃ)　52　公分　(Ｄ)　54　公分。,答案：(Ｂ) 解析：1081÷23＝47 ,中,9-4_面積公式的應用
(   )一個梯形的面積是　135　平方公分，如果高是　15　公分，下底是　8　公分，上底是　(Ａ)　10　公分　(Ｂ)　12　公分　(Ｃ)　14　公分　(Ｄ)　16　公分。,答案：(Ａ) 解析：135×2÷15＝18，18－8＝10 ,中,9-4_面積公式的應用
(   )一個底　8　公分的三角形面積和一個周長　32　公分的正方形面積一樣大，這個三角形的高是多少公分？　(Ａ)　12　公分　(Ｂ)　14　公分　(Ｃ)　16　公分　(Ｄ)　18　公分。,答案：(Ｃ) 解析：32÷4＝8，8×8＝64 64×2÷8＝16 ,中,9-4_面積公式的應用
(   )有一個平行四邊形，面積是　66　平方公分。如果底是　6　公分，高是幾公分？　(Ａ)　11　公分　(Ｂ)　6　公分　(Ｃ)　22　公分　(Ｄ)　33　公分。,答案：(Ａ) 解析：66÷6＝11 ,易,9-4_面積公式的應用
